2013-07-09,3700.0,3700.0,3600.0,3600.0,7250,VND
2013-07-10,3700.0,3700.0,3500.0,3500.0,6000,VND
2013-07-11,3600.0,3600.0,3400.0,3600.0,48170,VND
2013-07-12,3600.0,3700.0,3500.0,3600.0,26900,VND
2013-07-15,3400.0,3600.0,3400.0,3500.0,62010,VND
2013-07-16,3400.0,3600.0,3400.0,3600.0,7210,VND
2013-07-17,3600.0,3800.0,3600.0,3800.0,84030,VND
2013-07-18,3800.0,3900.0,3600.0,3800.0,10050,VND
2013-07-19,3700.0,3900.0,3700.0,3800.0,11910,VND
2013-07-22,3800.0,3800.0,3600.0,3600.0,45360,VND
2013-07-23,3600.0,3700.0,3600.0,3600.0,28500,VND
2013-07-24,3700.0,3700.0,3500.0,3500.0,1360,VND
2013-07-25,3500.0,3600.0,3500.0,3600.0,46290,VND
2013-07-26,3600.0,3600.0,3400.0,3500.0,77080,VND
2013-07-29,3500.0,3500.0,3400.0,3400.0,14630,VND
2013-07-30,3400.0,3500.0,3300.0,3300.0,16480,VND
2013-07-31,3300.0,3500.0,3300.0,3500.0,18880,VND
2013-08-01,3500.0,3600.0,3400.0,3500.0,12780,VND
2013-08-02,3500.0,3500.0,3500.0,3500.0,3630,VND
2013-08-05,3500.0,3600.0,3500.0,3600.0,31420,VND
2013-08-06,3600.0,3600.0,3500.0,3600.0,8410,VND
2013-08-07,3600.0,3600.0,3500.0,3600.0,200,VND
2013-08-08,3500.0,3600.0,3500.0,3600.0,12930,VND
2013-08-09,3500.0,3600.0,3500.0,3600.0,1710,VND
2013-08-12,3500.0,3600.0,3400.0,3600.0,6980,VND
2013-08-13,3600.0,3600.0,3400.0,3600.0,37660,VND
2013-08-14,3400.0,3600.0,3400.0,3600.0,14340,VND
2013-08-15,3500.0,3600.0,3400.0,3400.0,24720,VND
2013-08-16,3500.0,3600.0,3400.0,3600.0,32150,VND
2013-08-19,3600.0,3700.0,3500.0,3600.0,46600,VND
2013-08-20,3500.0,3600.0,3400.0,3400.0,2690,VND
2013-08-21,3600.0,3600.0,3500.0,3500.0,12370,VND
2013-08-22,3600.0,3600.0,3400.0,3500.0,570,VND
2013-08-23,3500.0,3500.0,3300.0,3400.0,38030,VND
2013-08-26,3300.0,3500.0,3300.0,3500.0,19790,VND
2013-08-27,3400.0,3500.0,3300.0,3500.0,15970,VND
2013-08-28,3500.0,3500.0,3300.0,3300.0,20020,VND
2013-08-29,3400.0,3400.0,3100.0,3400.0,4400,VND
2013-08-30,3200.0,3400.0,3200.0,3400.0,31780,VND
2013-09-03,3200.0,3400.0,3200.0,3400.0,54010,VND
2013-09-04,3200.0,3300.0,3200.0,3300.0,11650,VND
2013-09-05,3100.0,3300.0,3100.0,3200.0,14910,VND
2013-09-06,3200.0,3400.0,3100.0,3400.0,8590,VND
2013-09-09,3300.0,3300.0,3200.0,3200.0,12940,VND
2013-09-10,3200.0,3200.0,3200.0,3200.0,9670,VND
2013-09-11,3200.0,3400.0,3200.0,3400.0,61590,VND
2013-09-12,3300.0,3400.0,3300.0,3300.0,13930,VND
2013-09-13,3300.0,3300.0,3200.0,3200.0,12100,VND
2013-09-16,3300.0,3400.0,3300.0,3400.0,59030,VND
2013-09-17,3400.0,3600.0,3400.0,3600.0,131770,VND
2013-09-18,3800.0,3800.0,3700.0,3800.0,218330,VND
2013-09-19,3900.0,3900.0,3600.0,3600.0,39540,VND
2013-09-20,3700.0,3700.0,3500.0,3500.0,31670,VND
2013-09-23,3500.0,3600.0,3400.0,3600.0,57800,VND
2013-09-24,3600.0,3800.0,3600.0,3800.0,70160,VND
2013-09-25,3800.0,3900.0,3600.0,3900.0,102550,VND
2013-09-26,3700.0,3800.0,3700.0,3800.0,50160,VND
2013-09-27,3700.0,3800.0,3700.0,3700.0,46780,VND
2013-09-30,3700.0,3900.0,3700.0,3900.0,112470,VND
2013-10-01,3900.0,3900.0,3800.0,3900.0,52980,VND
2013-10-02,3800.0,3900.0,3800.0,3800.0,14460,VND
2013-10-03,3800.0,3900.0,3700.0,3700.0,63030,VND
2013-10-04,3700.0,3800.0,3700.0,3800.0,22600,VND
2013-10-07,3800.0,3800.0,3600.0,3600.0,116250,VND
2013-10-08,3700.0,3800.0,3600.0,3800.0,95530,VND
2013-10-09,3700.0,4000.0,3700.0,4000.0,238860,VND
2013-10-10,4100.0,4100.0,3900.0,4000.0,54260,VND
2013-10-11,4000.0,4200.0,4000.0,4200.0,269240,VND
2013-10-14,4200.0,4400.0,4200.0,4400.0,193050,VND
2013-10-15,4300.0,4500.0,4300.0,4400.0,121390,VND
2013-10-16,4300.0,4300.0,4200.0,4300.0,110260,VND
2013-10-17,4300.0,4300.0,4100.0,4300.0,37040,VND
2013-10-18,4200.0,4300.0,4200.0,4300.0,39130,VND
2013-10-21,4300.0,4400.0,4100.0,4200.0,86620,VND
2013-10-22,4100.0,4100.0,4000.0,4100.0,140370,VND
2013-10-23,4100.0,4200.0,4000.0,4200.0,28240,VND
2013-10-24,4100.0,4200.0,4000.0,4100.0,138070,VND
2013-10-25,4000.0,4100.0,4000.0,4100.0,41140,VND
2013-10-28,4100.0,4300.0,4100.0,4300.0,285820,VND
2013-10-29,4200.0,4300.0,4100.0,4300.0,84810,VND
2013-10-30,4300.0,4400.0,4200.0,4400.0,63960,VND
2013-10-31,4300.0,4300.0,4200.0,4200.0,40310,VND
2013-11-01,4300.0,4400.0,4300.0,4400.0,206500,VND
2013-11-04,4600.0,4600.0,4500.0,4600.0,102110,VND
2013-11-05,4600.0,4600.0,4500.0,4600.0,115970,VND
2013-11-06,4700.0,4700.0,4500.0,4600.0,64340,VND
2013-11-07,4500.0,4600.0,4500.0,4600.0,41360,VND
2013-11-08,4600.0,4600.0,4400.0,4500.0,64490,VND
2013-11-11,4500.0,4600.0,4500.0,4600.0,37060,VND
2013-11-12,4500.0,4900.0,4500.0,4700.0,284840,VND
2013-11-13,4800.0,4800.0,4600.0,4700.0,29370,VND
2013-11-14,4600.0,4700.0,4600.0,4700.0,12890,VND
2013-11-15,4700.0,4800.0,4600.0,4800.0,125600,VND
2013-11-18,4700.0,4900.0,4700.0,4800.0,236110,VND
2013-11-19,4800.0,4900.0,4700.0,4800.0,75860,VND
2013-11-20,4800.0,4900.0,4700.0,4900.0,50700,VND
2013-11-21,5000.0,5200.0,4900.0,4900.0,426130,VND
2013-11-22,5000.0,5100.0,4900.0,5100.0,187780,VND
2013-11-25,5100.0,5200.0,5000.0,5100.0,54030,VND
2013-11-26,5000.0,5100.0,4900.0,5100.0,104570,VND
2013-11-27,5100.0,5200.0,5000.0,5000.0,64830,VND
2013-11-28,5000.0,5100.0,4900.0,4900.0,54970,VND
2013-11-29,5000.0,5000.0,4800.0,5000.0,39250,VND
2013-12-02,4900.0,5000.0,4800.0,5000.0,47730,VND
2013-12-03,4900.0,5100.0,4900.0,5000.0,64470,VND
2013-12-04,5000.0,5300.0,5000.0,5300.0,151840,VND
2013-12-05,5500.0,5600.0,5400.0,5600.0,542600,VND
2013-12-06,5700.0,5900.0,5600.0,5800.0,100140,VND
2013-12-09,5800.0,5800.0,5500.0,5600.0,123250,VND
2013-12-10,5400.0,5600.0,5300.0,5600.0,104480,VND
2013-12-11,5400.0,5500.0,5300.0,5300.0,138560,VND
2013-12-12,5200.0,5400.0,5200.0,5400.0,75380,VND
2013-12-13,5400.0,5500.0,5300.0,5500.0,19590,VND
2013-12-16,5500.0,5500.0,5400.0,5500.0,71030,VND
2013-12-17,5500.0,5600.0,5300.0,5500.0,132820,VND
2013-12-18,5500.0,5500.0,5400.0,5400.0,63180,VND
2013-12-19,5500.0,5700.0,5400.0,5600.0,139440,VND
2013-12-20,5600.0,5600.0,5300.0,5500.0,76120,VND
2013-12-23,5500.0,5600.0,5300.0,5500.0,159840,VND
2013-12-24,5400.0,5600.0,5400.0,5500.0,33960,VND
2013-12-25,5600.0,5600.0,5400.0,5500.0,27390,VND
2013-12-26,5400.0,5500.0,5300.0,5300.0,39960,VND
2013-12-27,5300.0,5500.0,5300.0,5400.0,150760,VND
2013-12-30,5400.0,5400.0,5100.0,5200.0,69600,VND
2013-12-31,5300.0,5400.0,5200.0,5200.0,61220,VND
2014-01-02,5200.0,5400.0,5200.0,5300.0,57530,VND
2014-01-03,5300.0,5400.0,5200.0,5200.0,70580,VND
2014-01-06,5400.0,5400.0,5200.0,5300.0,49700,VND
2014-01-07,5600.0,5600.0,5600.0,5600.0,116180,VND
2014-01-08,5900.0,5900.0,5900.0,5900.0,91170,VND
2014-01-09,6300.0,6300.0,6200.0,6300.0,1154920,VND
2014-01-10,6300.0,6600.0,6200.0,6400.0,347940,VND
2014-01-13,6400.0,6800.0,6400.0,6800.0,210460,VND
2014-01-14,6800.0,7000.0,6500.0,6700.0,366790,VND
2014-01-15,6800.0,6800.0,6600.0,6700.0,298510,VND
2014-01-16,6600.0,6700.0,6400.0,6400.0,238380,VND
2014-01-17,6400.0,6800.0,6400.0,6800.0,451560,VND
2014-01-20,7000.0,7000.0,6500.0,6500.0,138530,VND
2014-01-21,6500.0,6600.0,6300.0,6300.0,84290,VND
2014-01-22,6300.0,6500.0,6100.0,6200.0,203840,VND
2014-01-23,6200.0,6600.0,6200.0,6600.0,86650,VND
2014-01-24,6600.0,6600.0,6300.0,6400.0,83950,VND
2014-01-27,6300.0,6400.0,6200.0,6400.0,60300,VND
2014-02-06,6500.0,6500.0,6100.0,6100.0,98240,VND
2014-02-07,6000.0,6100.0,5800.0,5800.0,201630,VND
2014-02-10,5700.0,6200.0,5700.0,6200.0,110680,VND
2014-02-11,6200.0,6300.0,5900.0,5900.0,191700,VND
2014-02-12,5900.0,6200.0,5900.0,6100.0,154370,VND
2014-02-13,6200.0,6300.0,6000.0,6200.0,220150,VND
2014-02-14,6300.0,6600.0,6300.0,6600.0,346860,VND
2014-02-17,6600.0,6600.0,6500.0,6500.0,129690,VND
2014-02-18,6500.0,6600.0,6400.0,6500.0,226760,VND
2014-02-19,6500.0,6800.0,6500.0,6800.0,246780,VND
2014-02-20,6800.0,7000.0,6600.0,6800.0,562330,VND
2014-02-21,6500.0,6700.0,6500.0,6600.0,172500,VND
2014-02-24,6700.0,6700.0,6400.0,6700.0,83680,VND
2014-02-25,6600.0,6700.0,6400.0,6600.0,200990,VND
2014-02-26,6500.0,6600.0,6500.0,6600.0,48360,VND
2014-02-27,6600.0,6700.0,6500.0,6500.0,248550,VND
2014-02-28,6500.0,6600.0,6400.0,6600.0,50860,VND
2014-03-03,6600.0,6700.0,6300.0,6500.0,161700,VND
2014-03-04,6400.0,6600.0,6200.0,6600.0,96030,VND
2014-03-05,6600.0,7000.0,6600.0,7000.0,578090,VND
2014-03-06,7300.0,7400.0,7300.0,7400.0,622450,VND
2014-03-07,7700.0,7900.0,7500.0,7700.0,263720,VND
2014-03-10,7600.0,7800.0,7400.0,7700.0,363880,VND
2014-03-11,7600.0,7900.0,7600.0,7800.0,194010,VND
2014-03-12,7800.0,7800.0,7500.0,7500.0,205220,VND
2014-03-13,7500.0,8000.0,7400.0,7900.0,235470,VND
2014-03-14,8000.0,8400.0,7900.0,8400.0,423000,VND
2014-03-17,8800.0,8900.0,8500.0,8900.0,304730,VND
2014-03-18,9000.0,9400.0,8800.0,9100.0,629860,VND
2014-03-19,8900.0,9100.0,8600.0,8800.0,534350,VND
2014-03-20,8900.0,8900.0,8600.0,8600.0,502910,VND
2014-03-21,8900.0,9000.0,8600.0,8800.0,232800,VND
2014-03-24,9000.0,9400.0,9000.0,9400.0,633890,VND
2014-03-25,9700.0,9900.0,9100.0,9200.0,803560,VND
2014-03-26,9400.0,9400.0,8600.0,8900.0,662840,VND
2014-03-27,8600.0,9000.0,8600.0,9000.0,271470,VND
2014-03-28,8900.0,9300.0,8900.0,9000.0,170020,VND
2014-03-31,9100.0,9300.0,9000.0,9000.0,313890,VND
2014-04-01,9000.0,9000.0,8400.0,8500.0,236170,VND
2014-04-02,8500.0,8600.0,8000.0,8100.0,245900,VND
2014-04-03,8100.0,8500.0,8100.0,8300.0,257640,VND
2014-04-04,8400.0,8500.0,8200.0,8300.0,137840,VND
2014-04-07,8300.0,8600.0,8300.0,8500.0,220590,VND
2014-04-08,8400.0,8900.0,8400.0,8600.0,245370,VND
2014-04-10,8800.0,8800.0,8500.0,8600.0,154140,VND
2014-04-11,8600.0,8700.0,8400.0,8500.0,110770,VND
2014-04-14,8500.0,8800.0,8500.0,8500.0,165630,VND
2014-04-15,8600.0,8600.0,8200.0,8200.0,255770,VND
2014-04-16,8200.0,8200.0,7700.0,7700.0,182990,VND
2014-04-17,7900.0,8100.0,7800.0,7900.0,141620,VND
2014-04-18,7900.0,7900.0,7400.0,7400.0,181860,VND
2014-04-21,7400.0,7400.0,6900.0,6900.0,124990,VND
2014-04-22,6700.0,7000.0,6500.0,7000.0,124390,VND
2014-04-23,7000.0,7100.0,6600.0,6600.0,139600,VND
2014-04-24,6500.0,6700.0,6500.0,6700.0,82920,VND
2014-04-25,6700.0,6800.0,6600.0,6700.0,50060,VND
2014-04-28,6700.0,6800.0,6400.0,6400.0,55190,VND
2014-04-29,6400.0,6400.0,6200.0,6300.0,47650,VND
2014-05-05,6200.0,6300.0,5900.0,5900.0,84180,VND
2014-05-06,6000.0,6000.0,5500.0,5700.0,175620,VND
2014-05-07,5800.0,5800.0,5500.0,5700.0,56120,VND
2014-05-08,5700.0,5700.0,5400.0,5400.0,71660,VND
2014-05-09,5100.0,5300.0,5100.0,5200.0,252230,VND
2014-05-12,5200.0,5200.0,4900.0,4900.0,50320,VND
2014-05-13,4600.0,4800.0,4600.0,4600.0,129150,VND
2014-05-14,4300.0,4900.0,4300.0,4900.0,159400,VND
2014-05-15,4900.0,5200.0,4600.0,4900.0,145180,VND
2014-05-16,4900.0,5100.0,4700.0,5100.0,146290,VND
2014-05-19,5100.0,5300.0,4900.0,5100.0,249510,VND
2014-05-20,5100.0,5400.0,5100.0,5400.0,264880,VND
2014-05-21,5600.0,5700.0,5400.0,5700.0,174130,VND
2014-05-22,5800.0,6000.0,5800.0,6000.0,560520,VND
2014-05-23,6000.0,6100.0,5800.0,5900.0,177680,VND
2014-05-26,5700.0,6200.0,5700.0,6200.0,212120,VND
2014-05-27,6300.0,6500.0,6100.0,6500.0,165280,VND
2014-05-28,6300.0,6500.0,6200.0,6400.0,208870,VND
2014-05-29,6400.0,6500.0,6100.0,6500.0,147300,VND
2014-05-30,6500.0,6600.0,6300.0,6500.0,171750,VND
2014-06-02,6500.0,6500.0,6100.0,6100.0,101780,VND
2014-06-03,6000.0,6300.0,6000.0,6200.0,85600,VND
2014-06-04,6200.0,6200.0,5900.0,5900.0,127790,VND
2014-06-05,5800.0,6200.0,5800.0,6200.0,50950,VND
2014-06-06,6300.0,6600.0,6200.0,6600.0,262880,VND
2014-06-09,6800.0,6900.0,6600.0,6600.0,306950,VND
2014-06-10,6600.0,6600.0,6300.0,6300.0,71750,VND
2014-06-11,6300.0,6600.0,6300.0,6500.0,39040,VND
2014-06-12,6500.0,6500.0,6300.0,6300.0,42490,VND
2014-06-13,6200.0,6500.0,6200.0,6500.0,48160,VND
2014-06-16,6500.0,6500.0,6300.0,6300.0,38410,VND
2014-06-17,6300.0,6600.0,6300.0,6500.0,59810,VND
2014-06-18,6500.0,6600.0,6300.0,6300.0,274090,VND
2014-06-19,6200.0,6500.0,6200.0,6500.0,263870,VND
2014-06-20,6600.0,6900.0,6600.0,6900.0,642090,VND
2014-06-23,6700.0,7300.0,6700.0,7200.0,360120,VND
2014-06-24,7100.0,7400.0,7000.0,7400.0,342460,VND
2014-06-25,7400.0,7600.0,7200.0,7300.0,286780,VND
2014-06-26,7500.0,7500.0,7300.0,7300.0,97290,VND
2014-06-27,7200.0,7300.0,7000.0,7300.0,69710,VND
2014-06-30,7100.0,7300.0,7000.0,7100.0,228520,VND
2014-07-01,7300.0,7400.0,7100.0,7200.0,230830,VND
2014-07-02,7300.0,7500.0,7200.0,7500.0,194150,VND
2014-07-03,7600.0,7800.0,7600.0,7800.0,426260,VND
2014-07-04,8000.0,8000.0,7600.0,7700.0,332110,VND
2014-07-07,7700.0,8000.0,7700.0,8000.0,214310,VND
2014-07-08,8000.0,8100.0,7900.0,8000.0,210910,VND
2014-07-09,8000.0,8100.0,7800.0,7900.0,256840,VND
2014-07-10,8000.0,8000.0,7500.0,7500.0,317990,VND
2014-07-11,7600.0,7800.0,7600.0,7800.0,139670,VND
2014-07-14,7600.0,7900.0,7600.0,7800.0,58690,VND
2014-07-15,7800.0,7900.0,7800.0,7800.0,80470,VND
2014-07-16,7900.0,8200.0,7800.0,8100.0,579760,VND
2014-07-17,8100.0,8600.0,8100.0,8500.0,437830,VND
2014-07-18,8400.0,8600.0,8300.0,8400.0,144210,VND
2014-07-21,8600.0,8600.0,8300.0,8300.0,317870,VND
2014-07-22,8400.0,8400.0,8200.0,8300.0,131180,VND
2014-07-23,8300.0,8400.0,8200.0,8300.0,68180,VND
2014-07-24,8300.0,8400.0,8200.0,8200.0,65320,VND
2014-07-25,8200.0,8300.0,8100.0,8100.0,125760,VND
2014-07-28,8100.0,8100.0,7700.0,7700.0,189070,VND
2014-07-29,7600.0,7800.0,7500.0,7800.0,117990,VND
2014-07-30,7600.0,7800.0,7600.0,7600.0,72740,VND
2014-07-31,7600.0,7800.0,7600.0,7700.0,171500,VND
2014-08-01,7700.0,7700.0,7600.0,7600.0,80880,VND
2014-08-04,7600.0,7700.0,7500.0,7700.0,136310,VND
2014-08-05,7700.0,7800.0,7700.0,7800.0,76900,VND
2014-08-06,7700.0,7800.0,7700.0,7700.0,81330,VND
2014-08-07,7700.0,7700.0,7600.0,7700.0,112050,VND
2014-08-08,7700.0,8200.0,7600.0,8100.0,195560,VND
2014-08-11,8100.0,8100.0,7800.0,8000.0,64170,VND
2014-08-12,7900.0,8000.0,7700.0,7900.0,95270,VND
2014-08-13,7900.0,8000.0,7800.0,8000.0,49610,VND
2014-08-14,8000.0,8200.0,7900.0,8000.0,152610,VND
2014-08-15,8000.0,8000.0,7900.0,7900.0,35420,VND
2014-08-18,7900.0,8200.0,7800.0,8000.0,103120,VND
2014-08-19,8200.0,8200.0,7800.0,8000.0,203220,VND
2014-08-20,8000.0,8100.0,7900.0,7900.0,45270,VND
2014-08-21,8000.0,8100.0,7900.0,8000.0,200820,VND
2014-08-22,8000.0,8100.0,8000.0,8000.0,77320,VND
2014-08-25,8000.0,8200.0,8000.0,8000.0,321860,VND
2014-08-26,7766.0,8150.0,7766.0,8150.0,839563,VND
2014-08-27,8533.0,8533.0,8245.0,8437.0,233830,VND
2014-08-28,8341.0,8533.0,8341.0,8437.0,266987,VND
2014-08-29,8341.0,8437.0,8150.0,8437.0,335043,VND
2014-09-03,8533.0,8629.0,8341.0,8341.0,266966,VND
2014-09-04,8341.0,8341.0,8150.0,8150.0,191443,VND
2014-09-05,8150.0,8437.0,8150.0,8437.0,163104,VND
2014-09-08,8533.0,8629.0,8437.0,8437.0,252813,VND
2014-09-09,8629.0,9012.0,8533.0,8725.0,1050937,VND
2014-09-10,8341.0,8629.0,8245.0,8629.0,257141,VND
2014-09-11,8725.0,9012.0,8725.0,9012.0,387245,VND
2014-09-12,8917.0,9012.0,8629.0,9012.0,436600,VND
2014-09-15,9012.0,9108.0,8629.0,8629.0,241851,VND
2014-09-16,8725.0,8917.0,8629.0,8917.0,255744,VND
2014-09-17,9108.0,9492.0,9108.0,9492.0,1012659,VND
2014-09-18,9875.0,9875.0,9012.0,9204.0,305755,VND
2014-09-19,8821.0,9204.0,8821.0,9108.0,137123,VND
2014-09-22,9108.0,9300.0,8821.0,8821.0,424668,VND
2014-09-23,8821.0,9300.0,8821.0,9108.0,451556,VND
2014-09-24,9204.0,9204.0,8917.0,9012.0,201372,VND
2014-09-25,9012.0,9108.0,8821.0,9108.0,206451,VND
2014-09-26,9300.0,9300.0,9108.0,9108.0,230346,VND
2014-09-29,9396.0,9396.0,9204.0,9300.0,254064,VND
2014-09-30,9396.0,9588.0,9204.0,9588.0,236646,VND
2014-10-01,9588.0,9780.0,9588.0,9588.0,354672,VND
2014-10-02,9684.0,10259.0,9684.0,10259.0,674101,VND
2014-10-03,10355.0,10834.0,10259.0,10451.0,416084,VND
2014-10-06,10546.0,10546.0,10259.0,10355.0,287127,VND
2014-10-07,10355.0,10355.0,10067.0,10259.0,394306,VND
2014-10-08,10163.0,10355.0,10163.0,10163.0,356821,VND
2014-10-09,10259.0,10355.0,10163.0,10259.0,551695,VND
2014-10-10,10163.0,10355.0,10067.0,10259.0,172700,VND
2014-10-13,10259.0,10259.0,10163.0,10259.0,148106,VND
2014-10-14,10259.0,10259.0,9588.0,9588.0,499075,VND
2014-10-15,9204.0,9588.0,8917.0,9300.0,398405,VND
2014-10-16,9492.0,9492.0,9012.0,9012.0,229418,VND
2014-10-17,8725.0,9300.0,8725.0,9108.0,157806,VND
2014-10-20,9108.0,9300.0,8917.0,8917.0,129228,VND
2014-10-21,8917.0,9108.0,8917.0,9108.0,103424,VND
2014-10-22,9204.0,9492.0,9204.0,9396.0,185185,VND
2014-10-23,9396.0,9396.0,9012.0,9204.0,161216,VND
2014-10-24,9204.0,9204.0,8917.0,8917.0,211249,VND
2014-10-27,8917.0,8917.0,8725.0,8725.0,162239,VND
2014-10-28,8917.0,9012.0,8725.0,8917.0,172429,VND
2014-10-29,8917.0,9300.0,8917.0,9108.0,97635,VND
2014-10-30,9204.0,9204.0,9012.0,9012.0,87017,VND
2014-10-31,9204.0,9588.0,9108.0,9588.0,247911,VND
2014-11-03,9780.0,9971.0,9684.0,9971.0,162416,VND
2014-11-04,9875.0,9971.0,9780.0,9875.0,163219,VND
2014-11-05,9875.0,9875.0,9684.0,9875.0,204324,VND
2014-11-06,9780.0,9875.0,9684.0,9684.0,48844,VND
2014-11-07,9684.0,9875.0,9684.0,9684.0,76410,VND
2014-11-10,9875.0,9875.0,9588.0,9588.0,106657,VND
2014-11-11,9588.0,9875.0,9588.0,9684.0,241288,VND
2014-11-12,9780.0,10355.0,9780.0,10355.0,713735,VND
2014-11-13,10642.0,10930.0,10642.0,10834.0,603448,VND
2014-11-14,10642.0,11314.0,10451.0,11314.0,806656,VND
2014-11-17,11218.0,11793.0,11218.0,11505.0,442086,VND
2014-11-18,11409.0,11601.0,11122.0,11122.0,571991,VND
2014-11-19,11026.0,11793.0,11026.0,11505.0,1044251,VND
2014-11-20,11793.0,11793.0,11505.0,11601.0,306579,VND
2014-11-21,11793.0,11793.0,11314.0,11409.0,376648,VND
2014-11-24,11409.0,11409.0,10834.0,10834.0,248015,VND
2014-11-25,11218.0,11314.0,11026.0,11122.0,194415,VND
2014-11-26,11314.0,11505.0,11026.0,11218.0,286877,VND
2014-11-27,11314.0,11314.0,11026.0,11218.0,146625,VND
2014-11-28,11314.0,11697.0,11122.0,11505.0,421184,VND
2014-12-01,11505.0,11505.0,11122.0,11314.0,186958,VND
2014-12-02,11314.0,11601.0,11122.0,11409.0,303304,VND
2014-12-03,11409.0,12176.0,11409.0,12176.0,1176201,VND
2014-12-04,12560.0,12752.0,12176.0,12176.0,916098,VND
2014-12-05,12176.0,12464.0,12176.0,12368.0,516911,VND
2014-12-08,12368.0,12368.0,11889.0,11889.0,354411,VND
2014-12-09,11793.0,11889.0,11122.0,11314.0,697537,VND
2014-12-10,10834.0,11697.0,10834.0,11601.0,225663,VND
2014-12-11,11601.0,11793.0,11314.0,11314.0,172710,VND
2014-12-12,11314.0,11505.0,11314.0,11314.0,157232,VND
2014-12-15,11409.0,11505.0,11218.0,11314.0,271691,VND
2014-12-16,11409.0,11409.0,11122.0,11218.0,308759,VND
2014-12-17,11409.0,11409.0,10451.0,10546.0,642415,VND
2014-12-18,10834.0,10930.0,10642.0,10738.0,302094,VND
2014-12-19,10642.0,10834.0,10163.0,10163.0,262659,VND
2014-12-22,10355.0,10355.0,10067.0,10259.0,217351,VND
2014-12-23,10259.0,10355.0,10163.0,10163.0,122010,VND
2014-12-24,10163.0,10355.0,10067.0,10163.0,77724,VND
2014-12-25,10163.0,10163.0,9780.0,9875.0,98459,VND
2014-12-26,9780.0,9971.0,9492.0,9588.0,257193,VND
2014-12-29,9588.0,9588.0,9012.0,9012.0,132899,VND
2014-12-30,8917.0,9492.0,8725.0,9492.0,98783,VND
2014-12-31,9588.0,10067.0,9588.0,10067.0,216245,VND
2015-01-05,10355.0,10355.0,10067.0,10163.0,88040,VND
2015-01-06,9684.0,10355.0,9684.0,10355.0,142693,VND
2015-01-07,10355.0,10355.0,10067.0,10259.0,208819,VND
2015-01-08,9971.0,10259.0,9971.0,9971.0,50168,VND
2015-01-09,10067.0,10259.0,10067.0,10163.0,147668,VND
2015-01-12,10355.0,10355.0,9971.0,9971.0,109192,VND
2015-01-13,9971.0,10067.0,9875.0,9875.0,140951,VND
2015-01-14,9971.0,10546.0,9875.0,10451.0,476557,VND
2015-01-15,10546.0,11026.0,10451.0,10642.0,304462,VND
2015-01-16,10642.0,11026.0,10642.0,10834.0,165295,VND
2015-01-19,10930.0,10930.0,10451.0,10546.0,257256,VND
2015-01-20,10642.0,10642.0,10355.0,10451.0,180314,VND
2015-01-21,10451.0,10546.0,10163.0,10259.0,271774,VND
2015-01-22,10355.0,10451.0,10067.0,10451.0,156043,VND
2015-01-23,10546.0,11122.0,10546.0,11026.0,653971,VND
2015-01-26,11026.0,11218.0,10738.0,10930.0,123794,VND
2015-01-27,10738.0,10930.0,10546.0,10546.0,199860,VND
2015-01-28,10451.0,10834.0,10451.0,10738.0,147501,VND
2015-01-29,10738.0,10738.0,10451.0,10738.0,91544,VND
2015-01-30,10738.0,10738.0,10067.0,10355.0,247014,VND
2015-02-02,10355.0,10546.0,9971.0,9971.0,152789,VND
2015-02-03,10355.0,10355.0,9875.0,9875.0,133306,VND
2015-02-04,9780.0,9971.0,9780.0,9971.0,64155,VND
2015-02-05,10163.0,10163.0,9875.0,9875.0,34398,VND
2015-02-06,10067.0,10067.0,9875.0,9971.0,44140,VND
2015-02-09,9971.0,9971.0,9875.0,9971.0,13434,VND
2015-02-10,9875.0,10067.0,9875.0,9971.0,57156,VND
2015-02-11,10259.0,10259.0,10067.0,10163.0,25157,VND
2015-02-12,10355.0,10642.0,10355.0,10546.0,161039,VND
2015-02-13,10546.0,10642.0,10451.0,10546.0,109066,VND
2015-02-24,10546.0,10642.0,10451.0,10451.0,17356,VND
2015-02-25,10451.0,10451.0,10163.0,10259.0,118453,VND
2015-02-26,10451.0,10451.0,10259.0,10451.0,11181,VND
2015-02-27,10451.0,10546.0,10163.0,10259.0,42335,VND
2015-03-02,10259.0,10259.0,10067.0,10259.0,41428,VND
2015-03-03,10259.0,10451.0,10067.0,10451.0,61641,VND
2015-03-04,10546.0,11122.0,10451.0,11122.0,567402,VND
2015-03-05,11218.0,11218.0,10834.0,10930.0,182264,VND
2015-03-06,11026.0,11026.0,10738.0,10834.0,42982,VND
2015-03-09,10738.0,10738.0,10451.0,10546.0,91116,VND
2015-03-10,10451.0,10738.0,10451.0,10642.0,151923,VND
2015-03-11,10355.0,10738.0,10355.0,10642.0,66616,VND
2015-03-12,10546.0,10642.0,10355.0,10451.0,70142,VND
2015-03-13,10451.0,10546.0,10451.0,10546.0,21037,VND
2015-03-16,10451.0,10546.0,10355.0,10355.0,69964,VND
2015-03-17,10451.0,10451.0,10355.0,10451.0,86809,VND
2015-03-18,10451.0,10451.0,10355.0,10355.0,64176,VND
2015-03-19,10355.0,10451.0,10355.0,10355.0,105343,VND
2015-03-20,10355.0,10930.0,10355.0,10738.0,247952,VND
2015-03-23,10738.0,10834.0,10451.0,10451.0,102162,VND
2015-03-24,10451.0,10451.0,10163.0,10451.0,77151,VND
2015-03-25,10546.0,10642.0,10451.0,10451.0,53318,VND
2015-03-26,10451.0,10546.0,10451.0,10451.0,97009,VND
2015-03-27,10451.0,10546.0,10259.0,10259.0,120612,VND
2015-03-30,10259.0,10451.0,10067.0,10259.0,64322,VND
2015-03-31,10355.0,10355.0,10259.0,10259.0,55321,VND
2015-04-01,10259.0,10259.0,9875.0,10067.0,52734,VND
2015-04-02,10067.0,10163.0,9875.0,9971.0,70966,VND
2015-04-03,10067.0,10163.0,9971.0,10163.0,80666,VND
2015-04-06,10259.0,10259.0,10067.0,10067.0,47665,VND
2015-04-07,9971.0,10451.0,9971.0,10451.0,63540,VND
2015-04-08,10451.0,10642.0,10451.0,10451.0,75544,VND
2015-04-09,10451.0,10642.0,10451.0,10546.0,52379,VND
2015-04-10,10546.0,10642.0,10451.0,10546.0,89594,VND
2015-04-13,10546.0,10642.0,10259.0,10355.0,63550,VND
2015-04-14,10355.0,10355.0,10163.0,10259.0,40281,VND
2015-04-15,10355.0,10355.0,10163.0,10259.0,25887,VND
2015-04-16,10355.0,10355.0,10163.0,10259.0,61036,VND
2015-04-17,10355.0,10355.0,10163.0,10259.0,58575,VND
2015-04-20,10259.0,10259.0,10163.0,10163.0,18784,VND
2015-04-21,10163.0,10259.0,10067.0,10067.0,40375,VND
2015-04-22,9971.0,10067.0,9875.0,10067.0,85317,VND
2015-04-23,9971.0,10067.0,9875.0,10067.0,34847,VND
2015-04-24,10067.0,10067.0,9875.0,9875.0,7885,VND
2015-04-27,9971.0,9971.0,9780.0,9971.0,27827,VND
2015-05-04,9971.0,9971.0,9396.0,9588.0,103580,VND
2015-05-05,9588.0,9684.0,9588.0,9588.0,89896,VND
2015-05-06,9588.0,9588.0,9012.0,9012.0,82282,VND
2015-05-07,9012.0,9396.0,9012.0,9204.0,112300,VND
2015-05-08,9396.0,9492.0,9204.0,9204.0,25063,VND
2015-05-11,9300.0,9300.0,9108.0,9204.0,40406,VND
2015-05-12,9012.0,9204.0,8917.0,9204.0,24125,VND
2015-05-13,8917.0,9012.0,8725.0,9012.0,80363,VND
2015-05-14,8821.0,8917.0,8437.0,8437.0,207453,VND
2015-05-15,8533.0,8533.0,7862.0,8054.0,211969,VND
2015-05-18,8054.0,8054.0,7574.0,7862.0,146583,VND
2015-05-19,7574.0,7958.0,7478.0,7670.0,69829,VND
2015-05-20,7766.0,8150.0,7766.0,8150.0,100410,VND
2015-05-21,8533.0,8629.0,8533.0,8629.0,193758,VND
2015-05-22,8629.0,8821.0,8533.0,8821.0,38226,VND
2015-05-25,8821.0,8917.0,8629.0,8725.0,46966,VND
2015-05-26,8341.0,8725.0,8341.0,8725.0,145624,VND
2015-05-27,8437.0,9012.0,8437.0,8821.0,105207,VND
2015-05-28,8821.0,9012.0,8629.0,8917.0,123241,VND
2015-05-29,8533.0,8725.0,8533.0,8725.0,58502,VND
2015-06-01,8372.0,8465.0,8279.0,8372.0,17254,VND
2015-06-02,8372.0,8465.0,8279.0,8372.0,112715,VND
2015-06-03,8279.0,8651.0,8279.0,8558.0,148062,VND
2015-06-04,8558.0,8651.0,8465.0,8651.0,106824,VND
2015-06-05,8651.0,9023.0,8465.0,8837.0,210112,VND
2015-06-08,9116.0,9116.0,8651.0,8837.0,114833,VND
2015-06-09,8930.0,8930.0,8558.0,8744.0,34013,VND
2015-06-10,8558.0,8744.0,8465.0,8744.0,52858,VND
2015-06-11,8651.0,8744.0,8558.0,8744.0,56503,VND
2015-06-12,9023.0,9209.0,8930.0,9116.0,376052,VND
2015-06-15,9395.0,9488.0,9302.0,9395.0,214176,VND
2015-06-16,9116.0,9488.0,9116.0,9116.0,80959,VND
2015-06-17,9023.0,9023.0,8651.0,8930.0,200996,VND
2015-06-18,8837.0,9023.0,8837.0,8837.0,90000,VND
2015-06-19,8837.0,8930.0,8651.0,8651.0,70220,VND
2015-06-22,8651.0,8744.0,8372.0,8372.0,150911,VND
2015-06-23,8558.0,8651.0,8465.0,8651.0,50042,VND
2015-06-24,8465.0,8744.0,8465.0,8744.0,35712,VND
2015-06-25,8744.0,8744.0,8558.0,8744.0,102933,VND
2015-06-26,8744.0,9302.0,8744.0,9023.0,440403,VND
2015-06-29,9116.0,9488.0,9023.0,9488.0,375784,VND
2015-06-30,9302.0,9488.0,9209.0,9302.0,230548,VND
2015-07-01,9302.0,9302.0,9023.0,9116.0,156480,VND
2015-07-02,9023.0,9395.0,9023.0,9302.0,312368,VND
2015-07-03,9302.0,9488.0,9302.0,9488.0,125573,VND
2015-07-06,9488.0,9488.0,9302.0,9488.0,191278,VND
2015-07-07,9395.0,10139.0,9395.0,10139.0,585112,VND
2015-07-08,10511.0,10604.0,9953.0,10232.0,382245,VND
2015-07-09,10046.0,10884.0,9860.0,10884.0,1026945,VND
2015-07-10,11163.0,11535.0,10976.0,11163.0,496680,VND
2015-07-13,11349.0,11349.0,10790.0,10884.0,151352,VND
2015-07-14,10790.0,10976.0,10511.0,10976.0,479975,VND
2015-07-15,10976.0,10976.0,10325.0,10418.0,650441,VND
2015-07-16,10418.0,10698.0,10418.0,10698.0,93806,VND
2015-07-17,10604.0,10698.0,10325.0,10418.0,141461,VND
2015-07-20,10418.0,10790.0,10325.0,10511.0,525975,VND
2015-07-21,10418.0,10698.0,9953.0,10511.0,236665,VND
2015-07-22,9953.0,10418.0,9953.0,10418.0,65963,VND
2015-07-23,10511.0,10511.0,10046.0,10325.0,229420,VND
2015-07-24,10139.0,10232.0,10046.0,10232.0,52117,VND
2015-07-27,10139.0,10418.0,10139.0,10418.0,273732,VND
2015-07-28,10325.0,10325.0,10046.0,10232.0,105599,VND
2015-07-29,9953.0,10232.0,9860.0,10139.0,96816,VND
2015-07-30,10046.0,10139.0,9860.0,10139.0,78100,VND
2015-07-31,9860.0,10232.0,9860.0,9860.0,140354,VND
2015-08-03,9674.0,9860.0,9302.0,9488.0,132894,VND
2015-08-04,9488.0,9581.0,9395.0,9581.0,60631,VND
2015-08-05,9674.0,9767.0,9581.0,9767.0,71703,VND
2015-08-06,9860.0,10139.0,9767.0,9767.0,254263,VND
2015-08-07,9674.0,9953.0,9674.0,9953.0,58094,VND
2015-08-10,9953.0,9953.0,9674.0,9767.0,214767,VND
2015-08-11,9767.0,9953.0,9767.0,9860.0,152212,VND
2015-08-12,9860.0,9860.0,9488.0,9674.0,106341,VND
2015-08-13,9488.0,9674.0,9395.0,9395.0,92355,VND
2015-08-14,9488.0,9488.0,9209.0,9395.0,126261,VND
2015-08-17,9488.0,9488.0,9116.0,9302.0,69553,VND
2015-08-18,9488.0,9488.0,9023.0,9302.0,35550,VND
2015-08-19,9209.0,9767.0,9209.0,9767.0,247372,VND
2015-08-20,9767.0,9767.0,9395.0,9395.0,27929,VND
2015-08-21,9302.0,9302.0,8744.0,9302.0,163295,VND
2015-08-24,9023.0,9023.0,8651.0,8651.0,207640,VND
2015-08-25,8651.0,8744.0,8093.0,8372.0,287847,VND
2015-08-26,8372.0,8930.0,8372.0,8837.0,265175,VND
2015-08-27,8837.0,8930.0,8837.0,8930.0,104029,VND
2015-08-28,8930.0,9209.0,8837.0,9209.0,226033,VND
2015-08-31,9209.0,9209.0,8837.0,8930.0,118037,VND
2015-09-01,8930.0,8930.0,8837.0,8930.0,122477,VND
2015-09-03,8930.0,8930.0,8837.0,8930.0,1257,VND
2015-09-04,8837.0,8930.0,8837.0,8930.0,11019,VND
2015-09-07,8837.0,8837.0,8558.0,8558.0,83357,VND
2015-09-08,8837.0,8837.0,8465.0,8558.0,109426,VND
2015-09-09,8837.0,8837.0,8651.0,8744.0,31315,VND
2015-09-10,8558.0,8651.0,8558.0,8651.0,22338,VND
2015-09-11,8651.0,8651.0,8465.0,8465.0,54428,VND
2015-09-14,8465.0,8558.0,8279.0,8465.0,62533,VND
2015-09-15,8558.0,8558.0,8093.0,8093.0,119520,VND
2015-09-16,8000.0,8279.0,8000.0,8186.0,44290,VND
2015-09-17,8372.0,8372.0,8093.0,8093.0,32218,VND
2015-09-18,8372.0,8372.0,8000.0,8372.0,142827,VND
2015-09-21,8465.0,8651.0,8279.0,8651.0,42592,VND
2015-09-22,8651.0,8837.0,8651.0,8651.0,164908,VND
2015-09-23,8651.0,8744.0,8651.0,8744.0,133248,VND
2015-09-24,8651.0,8930.0,8651.0,8837.0,98923,VND
2015-09-25,8837.0,8930.0,8837.0,8930.0,17264,VND
2015-09-28,8837.0,8837.0,8837.0,8837.0,95988,VND
2015-09-29,8837.0,8837.0,8651.0,8744.0,150664,VND
2015-09-30,8837.0,8837.0,8651.0,8651.0,27821,VND
2015-10-01,8651.0,8837.0,8651.0,8651.0,35593,VND
2015-10-02,8744.0,8744.0,8558.0,8651.0,5418,VND
2015-10-05,8651.0,8744.0,8558.0,8744.0,105792,VND
2015-10-06,8744.0,8930.0,8651.0,8930.0,148008,VND
2015-10-07,8593.0,8593.0,8328.0,8505.0,67827,VND
2015-10-08,8328.0,8593.0,8328.0,8505.0,26988,VND
2015-10-09,8505.0,8505.0,8239.0,8416.0,51731,VND
2015-10-12,8150.0,8505.0,8150.0,8416.0,112673,VND
2015-10-13,8416.0,8505.0,8239.0,8328.0,146243,VND
2015-10-14,8328.0,8416.0,8239.0,8416.0,30476,VND
2015-10-15,8416.0,8593.0,8416.0,8593.0,118690,VND
2015-10-16,8593.0,8682.0,8505.0,8682.0,92773,VND
2015-10-19,8682.0,8682.0,8505.0,8682.0,18297,VND
2015-10-20,8593.0,9036.0,8505.0,8859.0,216509,VND
2015-10-21,8859.0,9036.0,8771.0,8771.0,107831,VND
2015-10-22,8859.0,8948.0,8682.0,8771.0,152203,VND
2015-10-23,8771.0,8948.0,8593.0,8682.0,140622,VND
2015-10-26,8771.0,8771.0,8505.0,8593.0,121252,VND
2015-10-27,8416.0,8505.0,8416.0,8416.0,84432,VND
2015-10-28,8505.0,8505.0,8416.0,8505.0,26819,VND
2015-10-29,8328.0,8593.0,8328.0,8505.0,93371,VND
2015-10-30,8416.0,8505.0,8328.0,8328.0,87750,VND
2015-11-02,8416.0,8505.0,8328.0,8505.0,22304,VND
2015-11-03,8505.0,8505.0,8239.0,8416.0,91915,VND
2015-11-04,8416.0,8682.0,8328.0,8416.0,125135,VND
2015-11-05,8328.0,8505.0,8328.0,8505.0,76993,VND
2015-11-06,8416.0,8505.0,8416.0,8505.0,14865,VND
2015-11-09,8505.0,8593.0,8328.0,8328.0,37272,VND
2015-11-10,8328.0,8416.0,8239.0,8239.0,16649,VND
2015-11-11,8239.0,8328.0,8239.0,8239.0,15023,VND
2015-11-12,8328.0,8328.0,8150.0,8239.0,57567,VND
2015-11-13,8416.0,8416.0,8150.0,8416.0,21480,VND
2015-11-16,8239.0,8416.0,8150.0,8150.0,34100,VND
2015-11-17,8239.0,8328.0,8150.0,8239.0,6637,VND
2015-11-18,8328.0,8416.0,8150.0,8416.0,45839,VND
2015-11-19,8416.0,8416.0,8239.0,8328.0,22643,VND
2015-11-20,8239.0,8328.0,8239.0,8328.0,2088,VND
2015-11-23,8416.0,8505.0,8328.0,8416.0,144448,VND
2015-11-24,8416.0,8416.0,8239.0,8239.0,73099,VND
2015-11-25,8328.0,8328.0,8239.0,8239.0,7416,VND
2015-11-26,8328.0,8328.0,8239.0,8328.0,6275,VND
2015-11-27,8416.0,8416.0,8239.0,8328.0,23218,VND
2015-11-30,8328.0,8328.0,8150.0,8328.0,25261,VND
2015-12-01,8328.0,8328.0,8062.0,8239.0,135700,VND
2015-12-02,8062.0,8239.0,8062.0,8150.0,20159,VND
2015-12-03,8239.0,8239.0,8062.0,8150.0,26131,VND
2015-12-04,8150.0,8328.0,7973.0,8239.0,34845,VND
2015-12-07,8239.0,8239.0,7973.0,8239.0,34630,VND
2015-12-08,8062.0,8239.0,7973.0,8150.0,67918,VND
2015-12-09,8150.0,8239.0,7973.0,7973.0,42486,VND
2015-12-10,7973.0,8062.0,7973.0,8062.0,10655,VND
2015-12-11,7973.0,8150.0,7973.0,8150.0,89522,VND
2015-12-14,8062.0,8150.0,7973.0,7973.0,55298,VND
2015-12-15,7708.0,8062.0,7708.0,8062.0,37114,VND
2015-12-16,7885.0,8062.0,7885.0,8062.0,3973,VND
2015-12-17,8062.0,8239.0,8062.0,8062.0,9222,VND
2015-12-18,8150.0,8150.0,8062.0,8062.0,6400,VND
2015-12-21,8150.0,8150.0,7973.0,8150.0,2359,VND
2015-12-22,8150.0,8150.0,7973.0,8062.0,24121,VND
2015-12-23,8150.0,8150.0,7973.0,8062.0,496,VND
2015-12-24,7973.0,8062.0,7885.0,7885.0,14538,VND
2015-12-25,7885.0,7973.0,7885.0,7973.0,1354,VND
2015-12-28,8062.0,8062.0,7973.0,7973.0,6016,VND
2015-12-29,7973.0,7973.0,7796.0,7973.0,21333,VND
2015-12-30,7973.0,8150.0,7973.0,8062.0,116195,VND
2015-12-31,8062.0,8328.0,7973.0,8062.0,67263,VND
2016-01-04,8239.0,8239.0,7973.0,8150.0,28490,VND
2016-01-05,8239.0,8239.0,7973.0,8062.0,19381,VND
2016-01-06,7973.0,8062.0,7973.0,8062.0,24415,VND
2016-01-07,8062.0,8150.0,7885.0,7885.0,56506,VND
2016-01-08,7973.0,7973.0,7708.0,7885.0,36222,VND
2016-01-11,7708.0,7885.0,7708.0,7796.0,25973,VND
2016-01-12,7796.0,7973.0,7619.0,7973.0,38231,VND
2016-01-13,7885.0,8062.0,7796.0,7796.0,31255,VND
2016-01-14,7796.0,7973.0,7796.0,7973.0,3454,VND
2016-01-15,7973.0,7973.0,7796.0,7796.0,8002,VND
2016-01-18,7708.0,7885.0,7264.0,7264.0,71575,VND
2016-01-19,7264.0,7442.0,7264.0,7264.0,32192,VND
2016-01-20,7353.0,7442.0,7264.0,7264.0,23015,VND
2016-01-21,7264.0,7353.0,6822.0,7264.0,30104,VND
2016-01-22,6999.0,7708.0,6999.0,7708.0,150600,VND
2016-01-25,7442.0,8062.0,7442.0,7973.0,119265,VND
2016-01-26,7885.0,8150.0,7708.0,7885.0,218214,VND
2016-01-27,7885.0,8062.0,7885.0,8062.0,79917,VND
2016-01-28,7885.0,8062.0,7885.0,7973.0,8251,VND
2016-01-29,7973.0,8062.0,7973.0,8062.0,146,VND
2016-02-01,7885.0,7973.0,7619.0,7619.0,18963,VND
2016-02-02,7973.0,7973.0,7619.0,7885.0,9662,VND
2016-02-03,7885.0,8062.0,7885.0,7973.0,73133,VND
2016-02-04,8062.0,8150.0,7885.0,8150.0,69351,VND
2016-02-05,8062.0,8416.0,8062.0,8239.0,62251,VND
2016-02-15,8239.0,8328.0,8062.0,8328.0,80187,VND
2016-02-16,8328.0,8416.0,8239.0,8416.0,97661,VND
2016-02-17,8416.0,8859.0,8416.0,8771.0,307240,VND
2016-02-18,8859.0,8859.0,8593.0,8771.0,5689,VND
2016-02-19,8771.0,8771.0,8505.0,8682.0,15238,VND
2016-02-22,8505.0,8859.0,8505.0,8859.0,89172,VND
2016-02-23,8859.0,8859.0,8505.0,8682.0,75717,VND
2016-02-24,8682.0,8771.0,8505.0,8771.0,125745,VND
2016-02-25,8771.0,9036.0,8771.0,8859.0,383838,VND
2016-02-26,8948.0,8948.0,8771.0,8948.0,142823,VND
2016-02-29,8948.0,9036.0,8682.0,8682.0,80526,VND
2016-03-01,8859.0,8859.0,8505.0,8771.0,22868,VND
2016-03-02,8682.0,8948.0,8682.0,8948.0,180163,VND
2016-03-03,8948.0,8948.0,8771.0,8859.0,127235,VND
2016-03-04,8682.0,8859.0,8682.0,8771.0,1862,VND
2016-03-07,8682.0,8859.0,8593.0,8593.0,5485,VND
2016-03-08,8593.0,8682.0,8416.0,8593.0,26142,VND
2016-03-09,8593.0,8593.0,8416.0,8593.0,17484,VND
2016-03-10,8682.0,8682.0,8593.0,8593.0,30567,VND
2016-03-11,8593.0,8771.0,8416.0,8771.0,90990,VND
2016-03-14,8859.0,8859.0,8505.0,8771.0,1772,VND
2016-03-15,8593.0,8682.0,8505.0,8593.0,13782,VND
2016-03-16,8593.0,8682.0,8416.0,8593.0,5158,VND
2016-03-17,8593.0,8859.0,8593.0,8859.0,257077,VND
2016-03-18,8771.0,9036.0,8771.0,8948.0,231714,VND
2016-03-21,8948.0,8948.0,8682.0,8859.0,21536,VND
2016-03-22,8593.0,8771.0,8593.0,8593.0,18116,VND
2016-03-23,8593.0,8771.0,8416.0,8682.0,93180,VND
2016-03-24,8682.0,8682.0,8505.0,8505.0,7935,VND
2016-03-25,8505.0,8593.0,8416.0,8593.0,85278,VND
2016-03-28,8682.0,8682.0,8416.0,8682.0,56020,VND
2016-03-29,8416.0,8505.0,8416.0,8416.0,6671,VND
2016-03-30,8328.0,8505.0,8150.0,8150.0,168175,VND
2016-03-31,8150.0,8416.0,7885.0,8150.0,151198,VND
2016-04-01,8150.0,8416.0,7973.0,8328.0,830877,VND
2016-04-04,8328.0,8505.0,8328.0,8505.0,365699,VND
2016-04-05,8505.0,8682.0,8505.0,8505.0,213597,VND
2016-04-06,8505.0,8771.0,8505.0,8682.0,106657,VND
2016-04-07,8682.0,8859.0,8328.0,8593.0,12822,VND
2016-04-08,8593.0,8771.0,8505.0,8682.0,71315,VND
2016-04-11,8593.0,8593.0,8416.0,8416.0,24821,VND
2016-04-12,8416.0,8416.0,7973.0,8150.0,49993,VND
2016-04-13,8239.0,8593.0,8150.0,8593.0,462942,VND
2016-04-14,8682.0,8682.0,8505.0,8593.0,23986,VND
2016-04-15,8593.0,8682.0,8416.0,8593.0,70469,VND
2016-04-19,8505.0,8505.0,8328.0,8505.0,1670,VND
2016-04-20,8328.0,8505.0,8328.0,8328.0,14380,VND
2016-04-21,8328.0,8593.0,8239.0,8239.0,1580,VND
2016-04-22,8239.0,8505.0,8239.0,8505.0,27225,VND
2016-04-25,8593.0,8682.0,8416.0,8505.0,12867,VND
2016-04-26,8328.0,8416.0,8328.0,8416.0,4424,VND
2016-04-27,8416.0,8416.0,8150.0,8328.0,5519,VND
2016-04-28,8150.0,8328.0,8150.0,8328.0,12439,VND
2016-04-29,8150.0,8328.0,8150.0,8328.0,4966,VND
2016-05-04,8150.0,8328.0,8062.0,8239.0,54361,VND
2016-05-05,8150.0,8239.0,7973.0,8239.0,37497,VND
2016-05-06,8062.0,8328.0,8062.0,8150.0,20329,VND
2016-05-09,8505.0,8505.0,8150.0,8416.0,11513,VND
2016-05-10,8150.0,8239.0,8062.0,8062.0,24720,VND
2016-05-11,8062.0,8239.0,8062.0,8062.0,29923,VND
2016-05-12,8150.0,8150.0,8062.0,8062.0,9041,VND
2016-05-13,8062.0,8239.0,7885.0,8150.0,59418,VND
2016-05-16,8150.0,8150.0,7973.0,8150.0,2381,VND
2016-05-17,8150.0,8239.0,7973.0,8150.0,11095,VND
2016-05-18,8062.0,8150.0,8062.0,8150.0,22011,VND
2016-05-19,7973.0,8062.0,7973.0,8062.0,36944,VND
2016-05-20,7820.0,7820.0,7734.0,7734.0,6982,VND
2016-05-23,7905.0,7905.0,7562.0,7820.0,14686,VND
2016-05-24,7734.0,7734.0,7734.0,7734.0,2281,VND
2016-05-25,7734.0,7734.0,7648.0,7734.0,4596,VND
2016-05-26,7648.0,7648.0,7562.0,7648.0,9694,VND
2016-05-27,7820.0,7991.0,7820.0,7905.0,6924,VND
2016-05-30,7905.0,7991.0,7820.0,7905.0,16734,VND
2016-05-31,7905.0,7905.0,7648.0,7734.0,9554,VND
2016-06-01,7734.0,7820.0,7734.0,7734.0,22460,VND
2016-06-02,7734.0,7734.0,7648.0,7734.0,22472,VND
2016-06-03,7905.0,7905.0,7734.0,7734.0,3270,VND
2016-06-06,7648.0,7734.0,7648.0,7734.0,267,VND
2016-06-07,7734.0,7734.0,7734.0,7734.0,13976,VND
2016-06-08,7820.0,7820.0,7734.0,7734.0,22169,VND
2016-06-09,7648.0,7820.0,7648.0,7820.0,39288,VND
2016-06-10,7734.0,7820.0,7562.0,7820.0,14000,VND
2016-06-13,7820.0,7820.0,7820.0,7820.0,1163,VND
2016-06-14,7734.0,7734.0,7648.0,7734.0,8192,VND
2016-06-15,7820.0,7820.0,7648.0,7820.0,1664,VND
2016-06-16,7734.0,7734.0,7648.0,7734.0,14011,VND
2016-06-17,7734.0,7734.0,7648.0,7734.0,29489,VND
2016-06-20,7820.0,7820.0,7476.0,7734.0,15105,VND
2016-06-21,7562.0,7734.0,7562.0,7734.0,2793,VND
2016-06-22,7648.0,7734.0,7562.0,7734.0,8576,VND
2016-06-23,7648.0,7734.0,7476.0,7648.0,7727,VND
2016-06-24,7562.0,7734.0,7390.0,7562.0,33888,VND
2016-06-27,7562.0,7562.0,7390.0,7390.0,2443,VND
2016-06-28,7390.0,7648.0,7390.0,7562.0,22274,VND
2016-06-29,7562.0,7648.0,7390.0,7562.0,11311,VND
2016-06-30,7304.0,7562.0,7304.0,7562.0,1187,VND
2016-07-01,7562.0,7562.0,7390.0,7562.0,1885,VND
2016-07-04,7562.0,7905.0,7562.0,7905.0,86467,VND
2016-07-05,8077.0,8249.0,8077.0,8163.0,193638,VND
2016-07-06,8163.0,8249.0,7991.0,8163.0,30269,VND
2016-07-07,7905.0,7991.0,7820.0,7820.0,35099,VND
2016-07-08,7991.0,7991.0,7562.0,7820.0,62785,VND
2016-07-11,7820.0,7905.0,7562.0,7648.0,19050,VND
2016-07-12,7820.0,8163.0,7476.0,8163.0,119402,VND
2016-07-13,8249.0,8421.0,8163.0,8335.0,273344,VND
2016-07-14,8421.0,8421.0,7905.0,7905.0,31782,VND
2016-07-15,8077.0,8163.0,7991.0,8163.0,84896,VND
2016-07-18,8163.0,8163.0,7991.0,7991.0,29187,VND
2016-07-19,8077.0,8249.0,7905.0,8077.0,91820,VND
2016-07-20,8077.0,8077.0,7991.0,7991.0,13325,VND
2016-07-21,7991.0,7991.0,7905.0,7991.0,6714,VND
2016-07-22,7820.0,8077.0,7820.0,8077.0,139511,VND
2016-07-25,8249.0,8335.0,8077.0,8249.0,205904,VND
2016-07-26,8249.0,8335.0,8163.0,8335.0,107962,VND
2016-07-27,8335.0,8507.0,8335.0,8507.0,59433,VND
2016-07-28,8507.0,8936.0,8507.0,8936.0,190286,VND
2016-07-29,9108.0,9280.0,8851.0,9022.0,235150,VND
2016-08-01,9022.0,9022.0,8851.0,9022.0,954,VND
2016-08-02,9022.0,9022.0,8507.0,8507.0,74306,VND
2016-08-03,8507.0,8851.0,8507.0,8507.0,93298,VND
2016-08-04,8507.0,9022.0,8507.0,8507.0,22937,VND
2016-08-05,8679.0,8936.0,8593.0,8851.0,12929,VND
2016-08-08,8851.0,9108.0,8679.0,8851.0,71024,VND
2016-08-09,8936.0,8936.0,8851.0,8936.0,37647,VND
2016-08-10,8936.0,9194.0,8936.0,9194.0,47632,VND
2016-08-11,9194.0,9366.0,9022.0,9194.0,3212,VND
2016-08-12,9194.0,9194.0,9022.0,9194.0,7099,VND
2016-08-15,8936.0,9108.0,8936.0,9108.0,61923,VND
2016-08-16,9022.0,9022.0,8765.0,9022.0,25265,VND
2016-08-17,8765.0,8936.0,8765.0,8936.0,3735,VND
2016-08-18,8936.0,8936.0,8765.0,8936.0,6714,VND
2016-08-19,8936.0,9022.0,8765.0,8936.0,3037,VND
2016-08-22,9022.0,9022.0,9022.0,9022.0,186,VND
2016-08-23,8851.0,8936.0,8593.0,8593.0,1233,VND
2016-08-24,8679.0,8936.0,8593.0,8851.0,8926,VND
2016-08-25,8765.0,8936.0,8593.0,8851.0,5225,VND
2016-08-26,8851.0,8851.0,8851.0,8851.0,2327,VND
2016-08-29,8507.0,8593.0,8507.0,8593.0,1687,VND
2016-08-30,8593.0,8679.0,8593.0,8679.0,23,VND
2016-08-31,8507.0,8679.0,8507.0,8679.0,29326,VND
2016-09-01,8593.0,9108.0,8593.0,9108.0,38893,VND
2016-09-05,9194.0,9710.0,9108.0,9194.0,3130,VND
2016-09-06,9280.0,9280.0,9108.0,9194.0,11172,VND
2016-09-07,9280.0,9280.0,9108.0,9108.0,46,VND
2016-09-08,8851.0,9194.0,8765.0,9194.0,22961,VND
2016-09-09,9108.0,9194.0,9108.0,9194.0,698,VND
2016-09-12,8722.0,9710.0,8722.0,9624.0,16199,VND
2016-09-13,9624.0,9624.0,9194.0,9452.0,22169,VND
2016-09-14,9452.0,9452.0,9194.0,9366.0,11230,VND
2016-09-15,9280.0,9366.0,8936.0,9280.0,302,VND
2016-09-16,9280.0,9280.0,9194.0,9280.0,605,VND
2016-09-19,9280.0,9280.0,8851.0,9237.0,267,VND
2016-09-20,9237.0,9280.0,8894.0,9194.0,290,VND
2016-09-21,9142.0,9814.0,9142.0,9769.0,54595,VND
2016-09-22,10352.0,10352.0,9410.0,10038.0,21824,VND
2016-09-23,10038.0,10038.0,10038.0,10038.0,11,VND
2016-09-26,10038.0,10038.0,9590.0,9858.0,15632,VND
2016-09-27,9858.0,9948.0,9590.0,9858.0,16893,VND
2016-09-28,9858.0,10127.0,9858.0,10038.0,9394,VND
2016-09-29,9858.0,10127.0,9858.0,10038.0,6583,VND
2016-09-30,10038.0,10710.0,10038.0,10127.0,50991,VND
2016-10-03,10576.0,10755.0,10217.0,10486.0,130267,VND
2016-10-04,10576.0,10665.0,10396.0,10576.0,77212,VND
2016-10-05,10576.0,10665.0,10307.0,10307.0,5512,VND
2016-10-06,10307.0,10665.0,10307.0,10576.0,2398,VND
2016-10-07,10665.0,10665.0,10172.0,10486.0,19548,VND
2016-10-10,10486.0,10576.0,10038.0,10396.0,26332,VND
2016-10-11,10307.0,10396.0,10127.0,10396.0,16469,VND
2016-10-12,10127.0,10396.0,10127.0,10396.0,133,VND
2016-10-13,10038.0,10486.0,10038.0,10441.0,30059,VND
2016-10-14,10576.0,10665.0,10172.0,10441.0,20218,VND
2016-10-17,10486.0,10844.0,10486.0,10665.0,98601,VND
2016-10-18,10665.0,10665.0,10665.0,10665.0,1528,VND
2016-10-19,10755.0,10755.0,10576.0,10665.0,3124,VND
2016-10-20,10755.0,10755.0,10217.0,10665.0,35694,VND
2016-10-21,10217.0,10217.0,9948.0,9948.0,107059,VND
2016-10-24,9410.0,9948.0,9410.0,9948.0,12943,VND
2016-10-25,9948.0,10307.0,9948.0,10307.0,1383,VND
2016-10-26,10307.0,10307.0,9590.0,10307.0,33495,VND
2016-10-27,10352.0,10352.0,9679.0,10262.0,7777,VND
2016-10-28,9590.0,10217.0,9590.0,10217.0,66,VND
2016-10-31,10217.0,10217.0,10217.0,10217.0,22,VND
2016-11-01,10217.0,10217.0,9545.0,10127.0,6873,VND
2016-11-02,9590.0,10217.0,9455.0,9455.0,5534,VND
2016-11-03,9948.0,9948.0,8962.0,9858.0,13746,VND
2016-11-04,9858.0,9858.0,9769.0,9769.0,89,VND
2016-11-07,9769.0,9769.0,9231.0,9231.0,14293,VND
2016-11-08,9769.0,9858.0,9500.0,9769.0,12519,VND
2016-11-09,10441.0,10441.0,9142.0,9769.0,15732,VND
2016-11-10,9858.0,10217.0,9231.0,9769.0,19358,VND
2016-11-11,9500.0,10127.0,9455.0,9769.0,10421,VND
2016-11-14,10083.0,10083.0,9321.0,10038.0,89,VND
2016-11-15,9366.0,9858.0,9366.0,9858.0,1517,VND
2016-11-16,9769.0,9769.0,9321.0,9769.0,111,VND
2016-11-17,9769.0,9769.0,9769.0,9769.0,11,VND
2016-11-18,9321.0,9769.0,9231.0,9769.0,580,VND
2016-11-21,9231.0,9769.0,9231.0,9769.0,1818,VND
2016-11-23,9769.0,9769.0,9231.0,9724.0,424,VND
2016-11-24,9724.0,9724.0,9142.0,9679.0,8033,VND
2016-11-25,9634.0,9679.0,9634.0,9679.0,111,VND
2016-11-28,9679.0,9858.0,9590.0,9814.0,1439,VND
2016-11-29,9814.0,10217.0,9410.0,9858.0,7698,VND
2016-11-30,9858.0,9858.0,9186.0,9769.0,9818,VND
2016-12-01,9142.0,9679.0,9142.0,9679.0,446,VND
2016-12-02,9052.0,9679.0,9052.0,9679.0,9037,VND
2016-12-05,9142.0,9590.0,9142.0,9545.0,89,VND
2016-12-06,8962.0,9545.0,8962.0,9500.0,714,VND
2016-12-07,9545.0,9545.0,9007.0,9410.0,33,VND
2016-12-08,9769.0,9858.0,8873.0,9769.0,122,VND
2016-12-09,9231.0,10172.0,9231.0,10172.0,20474,VND
2016-12-12,10172.0,10172.0,9500.0,9500.0,702,VND
2016-12-13,10083.0,10083.0,8962.0,8962.0,4686,VND
2016-12-14,9321.0,9321.0,8962.0,9186.0,9964,VND
2016-12-15,9679.0,9679.0,9052.0,9410.0,55,VND
2016-12-16,9948.0,9948.0,8962.0,9366.0,100,VND
2016-12-19,8962.0,9769.0,8962.0,9321.0,7051,VND
2016-12-20,9052.0,9948.0,8962.0,9948.0,18142,VND
2016-12-21,9948.0,9948.0,9321.0,9858.0,5578,VND
2016-12-22,9903.0,9903.0,9276.0,9814.0,111,VND
2016-12-23,9231.0,9814.0,9142.0,9142.0,6460,VND
2016-12-26,9769.0,9769.0,9769.0,9769.0,11,VND
2016-12-27,9858.0,9858.0,9097.0,9590.0,714,VND
2016-12-28,8944.0,9500.0,8944.0,9500.0,1238,VND
2016-12-30,9500.0,9500.0,8926.0,9410.0,4262,VND
2017-01-03,10038.0,10038.0,8801.0,9366.0,3481,VND
2017-01-04,8962.0,9993.0,8962.0,9590.0,13032,VND
2017-01-05,9321.0,9679.0,9231.0,9321.0,5233,VND
2017-01-06,9858.0,9858.0,9052.0,9231.0,2175,VND
2017-01-09,9500.0,9500.0,8962.0,9500.0,569,VND
2017-01-10,9590.0,9858.0,9186.0,9545.0,1606,VND
2017-01-11,9186.0,9500.0,9186.0,9500.0,2365,VND
2017-01-12,9410.0,9679.0,9410.0,9679.0,7944,VND
2017-01-13,9321.0,9858.0,9321.0,9724.0,6627,VND
2017-01-16,9500.0,9500.0,9500.0,9500.0,11,VND
2017-01-17,9590.0,9590.0,9231.0,9500.0,133,VND
2017-01-18,9455.0,9500.0,9455.0,9500.0,122,VND
2017-01-20,9231.0,9948.0,8962.0,9948.0,11146,VND
2017-01-23,9858.0,10620.0,9858.0,9858.0,3046,VND
2017-01-24,10486.0,10486.0,10217.0,10217.0,133,VND
2017-01-25,9858.0,10127.0,9858.0,10127.0,6739,VND
2017-02-02,10755.0,10755.0,9858.0,10396.0,13233,VND
2017-02-03,10486.0,10486.0,9769.0,10217.0,11548,VND
2017-02-06,10307.0,10307.0,9724.0,10127.0,3615,VND
2017-02-07,10038.0,10038.0,10038.0,10038.0,122,VND
2017-02-08,10127.0,10127.0,10127.0,10127.0,11,VND
2017-02-09,10127.0,10217.0,9679.0,9769.0,54651,VND
2017-02-10,9455.0,10307.0,9455.0,10172.0,79443,VND
2017-02-13,10172.0,10755.0,10172.0,10307.0,77156,VND
2017-02-14,10307.0,10755.0,10307.0,10396.0,30036,VND
2017-02-15,10486.0,10576.0,10217.0,10531.0,13913,VND
2017-02-16,10486.0,10486.0,10127.0,10441.0,3760,VND
2017-02-17,10486.0,10486.0,10486.0,10486.0,22,VND
2017-02-20,9948.0,11113.0,9948.0,10665.0,15040,VND
2017-02-21,10665.0,10755.0,10665.0,10755.0,24056,VND
2017-02-22,10844.0,11113.0,10755.0,11113.0,73608,VND
2017-02-23,11203.0,11203.0,11113.0,11113.0,31889,VND
2017-02-24,11382.0,11382.0,10844.0,11024.0,57875,VND
2017-02-27,11203.0,11203.0,10934.0,10934.0,3470,VND
2017-02-28,11203.0,11203.0,10755.0,10934.0,937,VND
2017-03-01,11203.0,11203.0,11203.0,11203.0,78,VND
2017-03-03,11203.0,11203.0,10576.0,10755.0,1952,VND
2017-03-06,11203.0,11203.0,11113.0,11113.0,33,VND
2017-03-07,10576.0,11024.0,10576.0,10755.0,4641,VND
2017-03-08,10755.0,11203.0,10755.0,11203.0,5634,VND
2017-03-09,10531.0,11113.0,10531.0,11024.0,3347,VND
2017-03-10,11203.0,11203.0,11113.0,11203.0,3927,VND
2017-03-14,10755.0,11113.0,10576.0,11113.0,5567,VND
2017-03-15,11651.0,11651.0,11651.0,11651.0,22,VND
2017-03-16,10844.0,11651.0,10844.0,11382.0,1216,VND
2017-03-17,12099.0,12099.0,11472.0,11472.0,267,VND
2017-03-20,10844.0,11472.0,10755.0,11472.0,16591,VND
2017-03-21,10844.0,11337.0,10844.0,11292.0,1338,VND
2017-03-22,10755.0,11113.0,10576.0,11024.0,6672,VND
2017-03-23,11024.0,11024.0,11024.0,11024.0,11,VND
2017-03-24,10934.0,11651.0,10934.0,11113.0,7944,VND
2017-03-27,10934.0,11113.0,10531.0,10934.0,1417,VND
2017-03-28,10576.0,11113.0,10531.0,10934.0,16770,VND
2017-03-29,10844.0,10934.0,10755.0,10934.0,4396,VND
2017-03-30,10934.0,11024.0,10844.0,10934.0,17729,VND
2017-03-31,10934.0,10934.0,10576.0,10934.0,6415,VND
2017-04-03,11561.0,11561.0,10755.0,10934.0,11236,VND
2017-04-04,11382.0,11472.0,10665.0,10755.0,4786,VND
2017-04-05,10934.0,10934.0,10396.0,10844.0,769,VND
2017-04-07,11472.0,11472.0,10486.0,10755.0,5701,VND
2017-04-10,11203.0,11203.0,10665.0,11203.0,5088,VND
2017-04-11,10531.0,10844.0,10531.0,10844.0,490,VND
2017-04-12,10262.0,10755.0,10217.0,10755.0,5590,VND
2017-04-13,10755.0,10934.0,10755.0,10934.0,1562,VND
2017-04-17,10934.0,11651.0,10307.0,10934.0,390,VND
2017-04-18,10217.0,10844.0,10217.0,10755.0,3492,VND
2017-04-19,10844.0,10844.0,10844.0,10844.0,11,VND
2017-04-21,10307.0,10755.0,10307.0,10755.0,10064,VND
2017-04-24,10844.0,10844.0,10755.0,10755.0,22,VND
2017-04-25,10710.0,10710.0,10710.0,10710.0,189,VND
2017-04-26,10710.0,10710.0,10083.0,10083.0,1484,VND
2017-04-27,10083.0,10755.0,10083.0,10307.0,3749,VND
2017-04-28,10755.0,10755.0,10217.0,10307.0,1305,VND
2017-05-03,11024.0,11024.0,11024.0,11024.0,11,VND
2017-05-04,11203.0,11203.0,10844.0,10844.0,33,VND
2017-05-05,10576.0,10576.0,10396.0,10396.0,7888,VND
2017-05-08,10844.0,10844.0,10844.0,10844.0,11,VND
2017-05-09,10127.0,10755.0,10127.0,10755.0,7888,VND
2017-05-10,10172.0,10755.0,10127.0,10755.0,27928,VND
2017-05-11,10755.0,10755.0,10217.0,10576.0,16826,VND
2017-05-12,10576.0,10576.0,10127.0,10486.0,4173,VND
2017-05-15,10307.0,10576.0,10307.0,10576.0,15174,VND
2017-05-16,10486.0,11292.0,10486.0,10755.0,26254,VND
2017-05-17,10755.0,11113.0,10755.0,10934.0,101915,VND
2017-05-18,10934.0,11472.0,10934.0,11024.0,32090,VND
2017-05-19,11024.0,11651.0,11024.0,11382.0,145230,VND
2017-05-22,11382.0,11741.0,11382.0,11517.0,101413,VND
2017-05-23,9651.0,10100.0,9613.0,9651.0,101601,VND
2017-05-24,9651.0,10062.0,9651.0,10062.0,105356,VND
2017-05-25,10100.0,10324.0,9875.0,10062.0,57342,VND
2017-05-26,10137.0,10174.0,9950.0,10100.0,19318,VND
2017-05-29,10137.0,10174.0,9725.0,10100.0,39533,VND
2017-05-30,10062.0,10100.0,10062.0,10100.0,4369,VND
2017-05-31,9688.0,10025.0,9576.0,9725.0,29272,VND
2017-06-01,9725.0,9725.0,9725.0,9725.0,331,VND
2017-06-02,9725.0,9725.0,9725.0,9725.0,12543,VND
2017-06-05,9725.0,10100.0,9651.0,9875.0,24915,VND
2017-06-06,10025.0,10025.0,9651.0,9725.0,2737,VND
2017-06-07,9800.0,10100.0,9576.0,9800.0,52543,VND
2017-06-08,10100.0,10100.0,9576.0,9800.0,4308,VND
2017-06-09,10025.0,10025.0,9651.0,9725.0,6824,VND
2017-06-12,9725.0,9725.0,9725.0,9725.0,5915,VND
2017-06-13,9725.0,9725.0,9725.0,9725.0,1755,VND
2017-06-14,9725.0,9725.0,9501.0,9725.0,3706,VND
2017-06-15,9725.0,9725.0,9613.0,9725.0,4234,VND
2017-06-16,9725.0,9725.0,9725.0,9725.0,282,VND
2017-06-19,9725.0,9725.0,9576.0,9576.0,2675,VND
2017-06-20,9576.0,9576.0,9351.0,9576.0,4676,VND
2017-06-21,9538.0,9576.0,9538.0,9576.0,2528,VND
2017-06-22,9576.0,9576.0,9576.0,9576.0,3068,VND
2017-06-23,9351.0,9576.0,9351.0,9576.0,4234,VND
2017-06-26,9576.0,9576.0,9052.0,9538.0,4946,VND
2017-06-27,9716.0,9831.0,9638.0,9716.0,11943,VND
2017-06-28,9793.0,10332.0,9716.0,10101.0,106958,VND
2017-06-29,10410.0,10410.0,10178.0,10332.0,30853,VND
2017-06-30,10410.0,10795.0,10024.0,10101.0,37665,VND
2017-07-03,10101.0,10332.0,9947.0,10332.0,53752,VND
2017-07-04,10410.0,10410.0,10178.0,10332.0,81474,VND
2017-07-05,10487.0,10872.0,10332.0,10872.0,50692,VND
2017-07-06,11181.0,11566.0,11026.0,11335.0,41725,VND
2017-07-07,12067.0,12067.0,11489.0,12029.0,100861,VND
2017-07-10,12029.0,12106.0,11566.0,12029.0,28817,VND
2017-07-11,11720.0,11875.0,11335.0,11566.0,8871,VND
2017-07-12,11566.0,11797.0,11258.0,11643.0,17945,VND
2017-07-13,11566.0,11720.0,11181.0,11181.0,18374,VND
2017-07-14,11643.0,11643.0,11181.0,11258.0,36438,VND
2017-07-17,11643.0,11643.0,11104.0,11296.0,6096,VND
2017-07-18,11528.0,11528.0,10949.0,11412.0,7752,VND
2017-07-19,11412.0,11566.0,10718.0,11181.0,20303,VND
2017-07-20,11643.0,11643.0,11181.0,11489.0,8633,VND
2017-07-21,11952.0,11952.0,10872.0,10872.0,77616,VND
2017-07-24,11412.0,11412.0,10564.0,11026.0,21672,VND
2017-07-25,11258.0,11412.0,10795.0,11258.0,13968,VND
2017-07-26,10641.0,11335.0,10641.0,11104.0,31627,VND
2017-07-27,11258.0,11258.0,11104.0,11258.0,53812,VND
2017-07-28,11258.0,11566.0,10949.0,11219.0,28031,VND
2017-07-31,10872.0,11181.0,10872.0,11181.0,70829,VND
2017-08-01,11181.0,11181.0,10872.0,11104.0,57230,VND
2017-08-02,11104.0,11104.0,10718.0,10949.0,45417,VND
2017-08-03,10949.0,11104.0,10795.0,11026.0,43738,VND
2017-08-04,11065.0,11412.0,10872.0,11412.0,70114,VND
2017-08-07,12029.0,12183.0,11952.0,12183.0,250985,VND
2017-08-08,12568.0,13031.0,12568.0,13031.0,329150,VND
2017-08-09,13108.0,13417.0,12877.0,13031.0,104802,VND
2017-08-10,12568.0,12800.0,12144.0,12144.0,181323,VND
2017-08-11,12337.0,12993.0,12260.0,12646.0,79117,VND
2017-08-14,12646.0,13070.0,12491.0,12723.0,84130,VND
2017-08-15,13031.0,13031.0,12568.0,12607.0,52395,VND
2017-08-16,12607.0,12646.0,12337.0,12607.0,26150,VND
2017-08-17,12646.0,12646.0,12183.0,12337.0,34140,VND
2017-08-18,11952.0,12568.0,11797.0,12568.0,19231,VND
2017-08-21,12761.0,12761.0,12029.0,12029.0,7668,VND
2017-08-22,12337.0,12568.0,12029.0,12337.0,7918,VND
2017-08-23,11643.0,12337.0,11643.0,11875.0,22244,VND
2017-08-24,12260.0,12260.0,11875.0,11952.0,21696,VND
2017-08-25,12260.0,12260.0,11566.0,11875.0,74032,VND
2017-08-28,12183.0,12183.0,11720.0,11720.0,22291,VND
2017-08-29,11643.0,11797.0,11489.0,11643.0,54062,VND
2017-08-30,12183.0,12183.0,11566.0,11720.0,27352,VND
2017-08-31,11875.0,11952.0,11720.0,11875.0,35200,VND
2017-09-01,12106.0,12106.0,11720.0,12029.0,27662,VND
2017-09-05,12029.0,12029.0,11489.0,11489.0,14885,VND
2017-09-06,11875.0,11952.0,11566.0,11875.0,22256,VND
2017-09-07,11952.0,11952.0,11720.0,11720.0,73937,VND
2017-09-08,11682.0,12029.0,11682.0,11952.0,15325,VND
2017-09-11,11720.0,12029.0,11335.0,11875.0,12836,VND
2017-09-12,11875.0,11875.0,11797.0,11797.0,12551,VND
2017-09-13,11643.0,11952.0,11489.0,11489.0,57730,VND
2017-09-14,11875.0,11875.0,11566.0,11797.0,9550,VND
2017-09-15,12106.0,12337.0,11643.0,11797.0,19017,VND
2017-09-18,11720.0,11875.0,11720.0,11797.0,41070,VND
2017-09-19,11875.0,12029.0,11566.0,11797.0,77545,VND
2017-09-20,11450.0,11875.0,11450.0,11720.0,17588,VND
2017-09-21,11566.0,11720.0,11412.0,11412.0,27293,VND
2017-09-22,11720.0,11720.0,11412.0,11566.0,8704,VND
2017-09-25,11489.0,11566.0,11412.0,11412.0,14765,VND
2017-09-26,11489.0,11528.0,11181.0,11489.0,20696,VND
2017-09-27,11412.0,11566.0,11412.0,11566.0,750,VND
2017-09-28,11875.0,11875.0,11335.0,11566.0,8288,VND
2017-09-29,11181.0,11566.0,11181.0,11489.0,416,VND
2017-10-02,11219.0,11489.0,11219.0,11258.0,17147,VND
2017-10-03,11104.0,11412.0,11104.0,11412.0,1643,VND
2017-10-04,11412.0,11412.0,10949.0,11258.0,2417,VND
2017-10-05,11258.0,11412.0,11258.0,11335.0,1000,VND
2017-10-06,11335.0,11335.0,11026.0,11104.0,18993,VND
2017-10-09,11026.0,11489.0,10911.0,11181.0,20053,VND
2017-10-10,11181.0,11335.0,11181.0,11335.0,500,VND
2017-10-11,11104.0,11296.0,10949.0,11219.0,1357,VND
2017-10-12,11296.0,11566.0,11258.0,11528.0,217964,VND
2017-10-13,11412.0,11566.0,11026.0,11026.0,7752,VND
2017-10-16,10911.0,11566.0,10911.0,11489.0,8264,VND
2017-10-17,11489.0,11489.0,10872.0,11026.0,32508,VND
2017-10-18,11412.0,11412.0,11026.0,11335.0,5025,VND
2017-10-19,11489.0,11489.0,10872.0,11258.0,4870,VND
2017-10-20,10911.0,11296.0,10911.0,11296.0,9681,VND
2017-10-23,11258.0,11258.0,10795.0,10949.0,8490,VND
2017-10-24,11181.0,11181.0,10795.0,11026.0,6775,VND
2017-10-25,11142.0,11142.0,10872.0,11026.0,2750,VND
2017-10-26,11142.0,11142.0,10872.0,11104.0,16683,VND
2017-10-27,10949.0,11065.0,10949.0,11065.0,47,VND
2017-10-30,11065.0,11065.0,10795.0,10949.0,29472,VND
2017-10-31,10949.0,10949.0,10255.0,10255.0,6406,VND
2017-11-01,10718.0,10756.0,10718.0,10718.0,2977,VND
2017-11-02,11254.0,11254.0,11173.0,11173.0,3583,VND
2017-11-03,10525.0,11092.0,10404.0,11011.0,4978,VND
2017-11-06,10930.0,11011.0,10282.0,10890.0,11193,VND
2017-11-07,10201.0,10768.0,10161.0,10201.0,35293,VND
2017-11-08,9958.0,10444.0,9958.0,10201.0,14096,VND
2017-11-09,10323.0,10323.0,9918.0,10323.0,215,VND
2017-11-10,10323.0,10323.0,10323.0,10323.0,4842,VND
2017-11-13,9958.0,10282.0,9958.0,10282.0,5591,VND
2017-11-14,10282.0,10282.0,9837.0,10120.0,260,VND
2017-11-15,10120.0,10363.0,10120.0,10201.0,2642,VND
2017-11-16,10201.0,10444.0,10201.0,10201.0,5455,VND
2017-11-17,10282.0,10323.0,9796.0,10282.0,18792,VND
2017-11-20,10282.0,10363.0,9958.0,10282.0,12384,VND
2017-11-21,10242.0,10282.0,9878.0,9878.0,11942,VND
2017-11-22,9878.0,10120.0,9796.0,10039.0,4207,VND
2017-11-23,10120.0,10728.0,10120.0,10728.0,124036,VND
2017-11-24,11011.0,11051.0,10728.0,11051.0,4162,VND
2017-11-27,11051.0,11578.0,11051.0,11051.0,26072,VND
2017-11-28,11173.0,11173.0,10444.0,10444.0,28454,VND
2017-11-29,10687.0,10930.0,10444.0,10525.0,40532,VND
2017-11-30,10606.0,11011.0,10525.0,11011.0,121575,VND
2017-12-01,11011.0,11092.0,10930.0,11092.0,116154,VND
2017-12-04,11578.0,11578.0,10930.0,11335.0,71153,VND
2017-12-05,11335.0,11335.0,10566.0,10566.0,131771,VND
2017-12-06,10444.0,10444.0,9837.0,10039.0,284579,VND
2017-12-07,10039.0,10282.0,9635.0,9878.0,90841,VND
2017-12-08,9796.0,9796.0,9473.0,9716.0,79954,VND
2017-12-11,9716.0,9716.0,9392.0,9392.0,109055,VND
2017-12-12,9392.0,9635.0,9149.0,9149.0,146548,VND
2017-12-13,9230.0,9554.0,9230.0,9554.0,32798,VND
2017-12-14,9554.0,9756.0,9554.0,9716.0,58156,VND
2017-12-15,9716.0,9958.0,9554.0,9837.0,62534,VND
2017-12-18,9878.0,10039.0,9554.0,9878.0,129911,VND
2017-12-19,9716.0,9958.0,9635.0,9716.0,95287,VND
2017-12-20,9796.0,9796.0,9189.0,9432.0,116381,VND
2017-12-21,9311.0,9635.0,9311.0,9432.0,89922,VND
2017-12-22,9432.0,9918.0,9432.0,9716.0,171555,VND
2017-12-25,9635.0,10363.0,9554.0,10120.0,133313,VND
2017-12-26,10282.0,10282.0,10039.0,10120.0,76234,VND
2017-12-27,10120.0,10282.0,10120.0,10201.0,101728,VND
2017-12-28,10363.0,10890.0,10282.0,10890.0,193953,VND
2017-12-29,11497.0,11618.0,11092.0,11254.0,473861,VND
2018-01-02,11335.0,12023.0,10525.0,11982.0,253652,VND
2018-01-03,12792.0,12792.0,11982.0,12225.0,238251,VND
2018-01-04,12306.0,12306.0,11578.0,12306.0,271185,VND
2018-01-05,12144.0,12306.0,11902.0,11982.0,28908,VND
2018-01-08,11982.0,12509.0,11821.0,12144.0,108408,VND
2018-01-09,12144.0,12954.0,11902.0,12873.0,131544,VND
2018-01-10,12873.0,13318.0,12792.0,12954.0,85647,VND
2018-01-11,13116.0,13116.0,12549.0,12954.0,115009,VND
2018-01-12,12549.0,13035.0,12549.0,12873.0,90002,VND
2018-01-15,12792.0,12792.0,12549.0,12630.0,15242,VND
2018-01-16,12306.0,12792.0,11780.0,12144.0,37402,VND
2018-01-17,12144.0,12387.0,12144.0,12144.0,56081,VND
2018-01-18,11902.0,12549.0,11497.0,12144.0,31664,VND
2018-01-19,12468.0,12954.0,11740.0,12954.0,135411,VND
2018-01-22,12954.0,13845.0,12792.0,13683.0,277616,VND
2018-01-25,14330.0,14330.0,13764.0,14168.0,125408,VND
2018-01-26,14330.0,14330.0,13602.0,13764.0,40600,VND
2018-01-29,14168.0,14250.0,13764.0,14007.0,440076,VND
2018-01-30,14007.0,14007.0,13764.0,13764.0,11658,VND
2018-01-31,13764.0,13764.0,13278.0,13602.0,41315,VND
2018-02-01,13521.0,13521.0,12671.0,13521.0,19585,VND
2018-02-02,12752.0,13521.0,12752.0,12792.0,737,VND
2018-02-05,13359.0,13359.0,12144.0,12144.0,14561,VND
2018-02-06,11294.0,11740.0,11294.0,11659.0,67286,VND
2018-02-07,12387.0,12387.0,11821.0,12144.0,42347,VND
2018-02-08,12144.0,12994.0,11902.0,12954.0,61955,VND
2018-02-09,12954.0,12954.0,12064.0,12873.0,23373,VND
2018-02-12,13683.0,13683.0,12873.0,13359.0,5999,VND
2018-02-13,12428.0,12428.0,12428.0,12428.0,247766,VND
2018-02-21,11578.0,12873.0,11578.0,12711.0,168890,VND
2018-02-22,12711.0,12711.0,12225.0,12387.0,18542,VND
2018-02-23,12671.0,12671.0,11821.0,11902.0,41054,VND
2018-02-26,12387.0,12387.0,11902.0,12064.0,97112,VND
2018-02-27,12144.0,12144.0,11578.0,11902.0,300820,VND
2018-02-28,11416.0,11982.0,11416.0,11740.0,551660,VND
2018-03-01,11982.0,11982.0,11335.0,11740.0,176522,VND
2018-03-02,11416.0,11740.0,11416.0,11497.0,68454,VND
2018-03-05,11497.0,11740.0,10728.0,10728.0,120622,VND
2018-03-06,10728.0,11456.0,10120.0,10930.0,367595,VND
2018-03-07,11335.0,11618.0,11173.0,11294.0,135706,VND
2018-03-08,11780.0,11780.0,11335.0,11578.0,39886,VND
2018-03-09,11416.0,11618.0,11173.0,11173.0,186774,VND
2018-03-12,11335.0,11740.0,11011.0,11173.0,16126,VND
2018-03-13,11051.0,11335.0,10930.0,11011.0,89117,VND
2018-03-14,11011.0,11335.0,11011.0,11051.0,63974,VND
2018-03-15,11051.0,11335.0,11051.0,11254.0,24099,VND
2018-03-16,11254.0,12023.0,11254.0,12023.0,679609,VND
2018-03-19,12549.0,12549.0,12144.0,12387.0,429755,VND
2018-03-20,12468.0,12468.0,12144.0,12306.0,178700,VND
2018-03-21,12144.0,12549.0,11821.0,11982.0,198501,VND
2018-03-22,11618.0,11902.0,11497.0,11497.0,140741,VND
2018-03-23,11335.0,11578.0,11294.0,11578.0,102953,VND
2018-03-26,11982.0,11982.0,11578.0,11578.0,67082,VND
2018-03-27,11618.0,11740.0,11578.0,11578.0,44082,VND
2018-03-28,11578.0,11699.0,11497.0,11578.0,36801,VND
2018-03-29,11659.0,11659.0,11416.0,11416.0,101898,VND
2018-03-30,11416.0,11659.0,11416.0,11497.0,103543,VND
2018-04-02,11618.0,11821.0,11537.0,11740.0,340139,VND
2018-04-03,11740.0,11982.0,11740.0,11982.0,204761,VND
2018-04-04,11982.0,12306.0,11982.0,12144.0,234656,VND
2018-04-05,12064.0,12225.0,11902.0,12144.0,200202,VND
2018-04-06,12144.0,12387.0,12064.0,12387.0,365588,VND
2018-04-09,12387.0,12468.0,12144.0,12306.0,263190,VND
2018-04-10,12468.0,13156.0,12428.0,12711.0,400541,VND
2018-04-11,12711.0,12711.0,12225.0,12387.0,302748,VND
2018-04-12,12306.0,12387.0,12064.0,12387.0,280530,VND
2018-04-13,12306.0,12549.0,12225.0,12225.0,260446,VND
2018-04-16,12185.0,12387.0,12064.0,12347.0,232422,VND
2018-04-17,12225.0,12549.0,12225.0,12549.0,337882,VND
2018-04-18,12630.0,12954.0,12549.0,12549.0,375738,VND
2018-04-19,12711.0,12711.0,12144.0,12225.0,212927,VND
2018-04-20,12104.0,12306.0,12064.0,12225.0,207018,VND
2018-04-23,12144.0,12306.0,11375.0,11375.0,255229,VND
2018-04-24,11416.0,11740.0,11335.0,11659.0,311514,VND
2018-04-26,11618.0,11699.0,11254.0,11335.0,438964,VND
2018-04-27,11335.0,11659.0,11335.0,11659.0,287278,VND
2018-05-02,11740.0,11861.0,11659.0,11821.0,273261,VND
2018-05-03,11861.0,11902.0,11578.0,11902.0,262033,VND
2018-05-04,11982.0,12064.0,11821.0,11902.0,187931,VND
2018-05-07,11982.0,12144.0,11982.0,12023.0,286246,VND
2018-05-08,12104.0,12225.0,11699.0,11821.0,255716,VND
2018-05-09,11659.0,11902.0,11659.0,11699.0,155235,VND
2018-05-10,11699.0,11861.0,11618.0,11699.0,126338,VND
2018-05-11,11456.0,11699.0,11335.0,11699.0,100742,VND
2018-05-14,11699.0,11821.0,11578.0,11578.0,139562,VND
2018-05-15,11578.0,11659.0,11375.0,11375.0,110778,VND
2018-05-16,11335.0,11497.0,11173.0,11173.0,148703,VND
2018-05-17,11173.0,11335.0,11011.0,11051.0,92712,VND
2018-05-18,11051.0,11092.0,11011.0,11051.0,86191,VND
2018-05-21,11051.0,11092.0,11011.0,11011.0,69531,VND
2018-05-22,10930.0,10930.0,10606.0,10930.0,154997,VND
2018-05-23,10687.0,11051.0,10687.0,11051.0,76438,VND
2018-05-24,10930.0,11173.0,10687.0,10849.0,60583,VND
2018-05-25,11011.0,11092.0,10606.0,10849.0,53949,VND
2018-05-28,11011.0,11092.0,10282.0,10525.0,81882,VND
2018-05-29,10525.0,10768.0,10363.0,10687.0,116619,VND
2018-05-30,10849.0,10890.0,10606.0,10687.0,97192,VND
2018-05-31,10768.0,10768.0,10525.0,10687.0,116426,VND
2018-06-01,10687.0,10768.0,10606.0,10687.0,86236,VND
2018-06-04,10525.0,10728.0,10525.0,10687.0,70178,VND
2018-06-05,10687.0,10728.0,10647.0,10687.0,65755,VND
2018-06-06,10687.0,11254.0,10687.0,10930.0,237389,VND
2018-06-07,10849.0,11497.0,10849.0,11335.0,781315,VND
2018-06-08,11254.0,11456.0,11173.0,11335.0,216885,VND
2018-06-11,11254.0,11294.0,11011.0,11294.0,114782,VND
2018-06-12,10930.0,11173.0,10525.0,10687.0,233273,VND
2018-06-13,10606.0,10849.0,10566.0,10768.0,126474,VND
2018-06-14,10606.0,10728.0,10525.0,10525.0,116324,VND
2018-06-15,10525.0,10687.0,10444.0,10525.0,119443,VND
2018-06-18,10768.0,10852.0,10434.0,10601.0,69442,VND
2018-06-19,10518.0,10601.0,10017.0,10184.0,77780,VND
2018-06-20,10351.0,10559.0,10225.0,10518.0,113145,VND
2018-06-21,10601.0,10768.0,10351.0,10601.0,100990,VND
2018-06-22,10601.0,10601.0,10434.0,10601.0,108437,VND
2018-06-25,10768.0,10935.0,10351.0,10601.0,114718,VND
2018-06-26,10518.0,10518.0,10351.0,10476.0,109328,VND
2018-06-27,10810.0,10810.0,10267.0,10267.0,107821,VND
2018-06-28,10768.0,10977.0,10267.0,10351.0,64712,VND
2018-06-29,10434.0,10601.0,10309.0,10518.0,84028,VND
2018-07-02,10518.0,10518.0,10184.0,10184.0,59234,VND
2018-07-03,9892.0,10518.0,9850.0,9933.0,45111,VND
2018-07-04,10267.0,10267.0,9432.0,9558.0,75250,VND
2018-07-05,9933.0,9933.0,9432.0,9558.0,50720,VND
2018-07-06,9432.0,10017.0,9098.0,10017.0,51545,VND
2018-07-09,10142.0,10142.0,9808.0,9808.0,47366,VND
2018-07-10,9808.0,9808.0,9432.0,9432.0,69090,VND
2018-07-11,9391.0,9432.0,8806.0,9015.0,114388,VND
2018-07-12,9349.0,9349.0,9182.0,9307.0,47113,VND
2018-07-13,9307.0,9307.0,9098.0,9182.0,34848,VND
2018-07-16,9266.0,9349.0,9182.0,9182.0,67000,VND
2018-07-17,9182.0,9432.0,9182.0,9182.0,82752,VND
2018-07-18,9808.0,9808.0,9599.0,9808.0,210330,VND
2018-07-19,10476.0,10476.0,10100.0,10100.0,249270,VND
2018-07-20,10267.0,10351.0,10017.0,10184.0,72434,VND
2018-07-23,9892.0,10184.0,9850.0,10017.0,92839,VND
2018-07-24,9975.0,10184.0,9766.0,10017.0,126818,VND
2018-07-25,9975.0,10184.0,9808.0,9850.0,111737,VND
2018-07-26,9933.0,9975.0,9641.0,9892.0,58761,VND
2018-07-27,9766.0,9975.0,9766.0,9892.0,70663,VND
2018-07-30,9892.0,10017.0,9892.0,9892.0,56770,VND
2018-07-31,9892.0,10017.0,9892.0,10017.0,75041,VND
2018-08-01,10392.0,10392.0,10017.0,10184.0,49852,VND
2018-08-02,10309.0,10309.0,9850.0,9850.0,37136,VND
2018-08-03,10017.0,10184.0,9975.0,9975.0,46651,VND
2018-08-06,10017.0,10017.0,9933.0,9975.0,27874,VND
2018-08-07,9975.0,9975.0,9766.0,9850.0,55417,VND
2018-08-08,9850.0,10267.0,9850.0,9933.0,97283,VND
2018-08-09,10100.0,10142.0,9975.0,10100.0,58002,VND
2018-08-10,10184.0,10184.0,9933.0,10100.0,52161,VND
2018-08-13,10142.0,10225.0,9975.0,10184.0,110604,VND
2018-08-14,10351.0,10351.0,10142.0,10225.0,94489,VND
2018-08-15,10267.0,10267.0,9933.0,9933.0,69959,VND
2018-08-16,10184.0,10184.0,9850.0,9892.0,69937,VND
2018-08-17,10017.0,10017.0,9850.0,9892.0,47443,VND
2018-08-20,9725.0,9933.0,9725.0,9850.0,55813,VND
2018-08-21,10017.0,10017.0,9766.0,9850.0,55175,VND
2018-08-22,9766.0,9892.0,9766.0,9808.0,81278,VND
2018-08-23,9725.0,9850.0,9683.0,9808.0,63524,VND
2018-08-24,9850.0,9850.0,9725.0,9766.0,62171,VND
2018-08-27,9766.0,9933.0,9766.0,9933.0,52678,VND
2018-08-28,9975.0,9975.0,9850.0,9892.0,25531,VND
2018-08-29,9892.0,9892.0,9808.0,9892.0,47300,VND
2018-08-30,9892.0,9933.0,9892.0,9892.0,59212,VND
2018-08-31,9850.0,9933.0,9808.0,9892.0,53932,VND
2018-09-04,9933.0,9933.0,9683.0,9683.0,32736,VND
2018-09-05,9683.0,9766.0,9516.0,9641.0,46464,VND
2018-09-06,9599.0,9641.0,9516.0,9641.0,51226,VND
2018-09-07,9641.0,9683.0,9516.0,9599.0,45001,VND
2018-09-10,9599.0,9725.0,9599.0,9725.0,48675,VND
2018-09-11,9641.0,9933.0,9641.0,9766.0,80365,VND
2018-09-12,9933.0,9933.0,9725.0,9850.0,36454,VND
2018-09-13,9850.0,9892.0,9725.0,9766.0,47531,VND
2018-09-14,9725.0,9850.0,9725.0,9850.0,48499,VND
2018-09-17,9850.0,9892.0,9766.0,9766.0,42867,VND
2018-09-18,9766.0,9808.0,9683.0,9808.0,48840,VND
2018-09-19,9850.0,9933.0,9808.0,9808.0,68859,VND
2018-09-20,9808.0,9850.0,9725.0,9850.0,51567,VND
2018-09-21,9850.0,10267.0,9766.0,10184.0,140381,VND
2018-09-24,10267.0,10684.0,10267.0,10518.0,93279,VND
2018-09-25,10518.0,10559.0,10392.0,10518.0,39875,VND
2018-09-26,10267.0,10518.0,10267.0,10351.0,61610,VND
2018-09-27,10434.0,10643.0,10100.0,10601.0,129931,VND
2018-09-28,10768.0,11311.0,10768.0,11311.0,506802,VND
2018-10-01,11853.0,11853.0,11436.0,11519.0,289970,VND
2018-10-02,11519.0,11519.0,11018.0,11311.0,106138,VND
2018-10-03,11352.0,11436.0,10935.0,11144.0,86085,VND
2018-10-04,11144.0,11436.0,11102.0,11352.0,147069,VND
2018-10-05,11519.0,11519.0,10852.0,11269.0,138907,VND
2018-10-08,11227.0,11478.0,10726.0,11102.0,168112,VND
2018-10-09,11102.0,11185.0,10810.0,10852.0,76163,VND
2018-10-10,10852.0,11269.0,10601.0,10852.0,52117,VND
2018-10-11,10184.0,10434.0,10100.0,10100.0,105467,VND
2018-10-12,9683.0,10267.0,9683.0,10100.0,62864,VND
2018-10-15,10017.0,10058.0,9766.0,10058.0,45584,VND
2018-10-16,10142.0,10309.0,10017.0,10267.0,61907,VND
2018-10-17,10852.0,10852.0,10476.0,10476.0,69409,VND
2018-10-18,10518.0,10559.0,10351.0,10351.0,32758,VND
2018-10-19,10267.0,10434.0,10017.0,10434.0,40777,VND
2018-10-22,10518.0,10601.0,9933.0,9933.0,86767,VND
2018-10-23,9599.0,9808.0,9516.0,9766.0,75371,VND
2018-10-24,9766.0,9766.0,9474.0,9474.0,24431,VND
2018-10-25,8932.0,9432.0,8848.0,9432.0,65218,VND
2018-10-26,9182.0,9933.0,9015.0,9182.0,46244,VND
2018-10-29,9266.0,9266.0,8932.0,8932.0,23254,VND
2018-10-30,8806.0,9182.0,8806.0,8932.0,61786,VND
2018-10-31,9098.0,9266.0,8973.0,9266.0,48620,VND
2018-11-01,8932.0,9599.0,8932.0,8973.0,35035,VND
2018-11-02,9391.0,9432.0,9182.0,9391.0,106248,VND
2018-11-05,9391.0,9432.0,9182.0,9349.0,64063,VND
2018-11-06,9349.0,9474.0,9349.0,9349.0,67660,VND
2018-11-07,9432.0,9516.0,9349.0,9516.0,25619,VND
2018-11-08,9516.0,9683.0,9474.0,9599.0,25113,VND
2018-11-09,9599.0,9599.0,9349.0,9349.0,26675,VND
2018-11-12,9391.0,9391.0,9349.0,9349.0,5995,VND
2018-11-13,9182.0,9266.0,8932.0,9182.0,26466,VND
2018-11-14,9349.0,9349.0,9098.0,9266.0,22407,VND
2018-11-15,8973.0,9307.0,8973.0,9098.0,27093,VND
2018-11-16,9182.0,9266.0,9098.0,9098.0,19910,VND
2018-11-19,9098.0,9266.0,9015.0,9098.0,27984,VND
2018-11-20,9015.0,9098.0,8890.0,9098.0,47322,VND
2018-11-21,9015.0,9098.0,8848.0,9015.0,25641,VND
2018-11-22,9098.0,9098.0,8973.0,9015.0,23881,VND
2018-11-23,8932.0,9182.0,8932.0,9182.0,24398,VND
2018-11-26,9182.0,9182.0,8973.0,8973.0,7535,VND
2018-11-27,9098.0,9098.0,9098.0,9098.0,14564,VND
2018-11-28,9098.0,9098.0,8932.0,9015.0,10670,VND
2018-11-29,8932.0,9098.0,8932.0,8973.0,6424,VND
2018-11-30,9015.0,9015.0,8890.0,9015.0,16412,VND
2018-12-03,8932.0,9266.0,8890.0,9182.0,19371,VND
2018-12-04,9182.0,9266.0,9098.0,9098.0,16588,VND
2018-12-05,9015.0,9098.0,9015.0,9098.0,18260,VND
2018-12-06,9015.0,9098.0,9015.0,9098.0,5269,VND
2018-12-07,8932.0,9182.0,8932.0,9098.0,17974,VND
2018-12-10,9098.0,9098.0,9015.0,9098.0,6930,VND
2018-12-11,8973.0,9098.0,8973.0,9098.0,45463,VND
2018-12-12,9098.0,9098.0,9057.0,9098.0,19305,VND
2018-12-13,9098.0,9098.0,8932.0,9098.0,40381,VND
2018-12-14,8973.0,9057.0,8932.0,9057.0,18777,VND
2018-12-17,8932.0,9015.0,8848.0,9015.0,7117,VND
2018-12-18,8848.0,8973.0,8723.0,8723.0,31867,VND
2018-12-19,8848.0,8932.0,8514.0,8848.0,8261,VND
2018-12-20,8848.0,8848.0,8556.0,8681.0,18645,VND
2018-12-21,8723.0,8723.0,8598.0,8681.0,42603,VND
2018-12-24,8598.0,8723.0,8598.0,8598.0,18458,VND
2018-12-25,8681.0,8681.0,8306.0,8431.0,32054,VND
2018-12-26,8681.0,8681.0,8256.0,8514.0,31152,VND
2018-12-27,8598.0,8848.0,8347.0,8848.0,174591,VND
2018-12-28,8890.0,8890.0,8347.0,8556.0,39589,VND
2019-01-02,8598.0,8598.0,8347.0,8598.0,1342,VND
2019-01-03,8389.0,8514.0,8264.0,8472.0,24937,VND
2019-01-04,8222.0,8431.0,8222.0,8431.0,2354,VND
2019-01-07,8347.0,8598.0,8347.0,8347.0,8866,VND
2019-01-08,8347.0,8347.0,8306.0,8347.0,10593,VND
2019-01-09,8514.0,8514.0,8314.0,8347.0,21923,VND
2019-01-10,8347.0,8347.0,8222.0,8222.0,1496,VND
2019-01-11,8222.0,8347.0,8222.0,8347.0,737,VND
2019-01-14,8264.0,8264.0,8055.0,8055.0,4279,VND
2019-01-15,8097.0,8264.0,8055.0,8097.0,32879,VND
2019-01-16,8180.0,8264.0,8097.0,8264.0,23485,VND
2019-01-17,8347.0,8347.0,8064.0,8097.0,12133,VND
2019-01-18,8264.0,8264.0,8013.0,8097.0,28831,VND
2019-01-21,7938.0,8172.0,7680.0,7680.0,23661,VND
2019-01-22,7529.0,7930.0,7512.0,7680.0,41437,VND
2019-01-23,7763.0,7763.0,7429.0,7680.0,25267,VND
2019-01-24,7596.0,7596.0,7512.0,7596.0,37785,VND
2019-01-25,7763.0,7763.0,7596.0,7763.0,11220,VND
2019-01-28,7846.0,7846.0,7596.0,7596.0,1144,VND
2019-01-29,7638.0,7846.0,7596.0,7596.0,6006,VND
2019-01-30,7755.0,7755.0,7512.0,7596.0,7073,VND
2019-01-31,7763.0,7763.0,7596.0,7671.0,2761,VND
2019-02-01,7846.0,7846.0,7671.0,7671.0,5753,VND
2019-02-11,7846.0,7846.0,7688.0,7688.0,3498,VND
2019-02-12,7846.0,7846.0,7680.0,7763.0,24112,VND
2019-02-13,7780.0,7846.0,7496.0,7763.0,22825,VND
2019-02-14,7846.0,8013.0,7846.0,7846.0,9361,VND
2019-02-15,7846.0,8097.0,7846.0,8038.0,16313,VND
2019-02-18,8038.0,8347.0,8022.0,8180.0,22297,VND
2019-02-19,8264.0,8264.0,8097.0,8097.0,8888,VND
2019-02-20,7930.0,8514.0,7930.0,8431.0,74249,VND
2019-02-21,8514.0,8514.0,8347.0,8514.0,18766,VND
2019-02-22,8514.0,8598.0,8472.0,8514.0,12056,VND
2019-02-25,8514.0,8598.0,8431.0,8431.0,42493,VND
2019-02-26,8598.0,8598.0,8431.0,8514.0,45067,VND
2019-02-27,8598.0,8598.0,8431.0,8514.0,27467,VND
2019-02-28,8347.0,8514.0,8347.0,8514.0,31757,VND
2019-03-01,8514.0,8514.0,8431.0,8514.0,5852,VND
2019-03-04,8514.0,8598.0,8431.0,8598.0,1430,VND
2019-03-05,8431.0,8514.0,8347.0,8431.0,11605,VND
2019-03-06,8431.0,8514.0,8431.0,8514.0,4125,VND
2019-03-07,8514.0,8598.0,8514.0,8598.0,18227,VND
2019-03-08,8598.0,8598.0,8431.0,8598.0,7887,VND
2019-03-11,8598.0,8598.0,8514.0,8514.0,77,VND
2019-03-12,8431.0,8431.0,8347.0,8431.0,15048,VND
2019-03-13,8514.0,8681.0,8389.0,8681.0,60114,VND
2019-03-14,8681.0,8681.0,8514.0,8681.0,1925,VND
2019-03-15,8681.0,8681.0,8472.0,8598.0,6941,VND
2019-03-18,8598.0,8598.0,8347.0,8347.0,80662,VND
2019-03-19,8389.0,8389.0,8306.0,8347.0,23936,VND
2019-03-20,8347.0,8347.0,8306.0,8347.0,11385,VND
2019-03-21,8431.0,8431.0,8347.0,8431.0,14927,VND
2019-03-22,8431.0,8431.0,8264.0,8264.0,2629,VND
2019-03-25,8431.0,8431.0,8347.0,8347.0,1584,VND
2019-03-26,8264.0,8347.0,8264.0,8347.0,77,VND
2019-03-27,8347.0,8389.0,8264.0,8306.0,3421,VND
2019-03-28,8306.0,8431.0,8180.0,8264.0,30030,VND
2019-03-29,8431.0,8431.0,8180.0,8264.0,5709,VND
2019-04-01,8264.0,8347.0,8264.0,8347.0,4015,VND
2019-04-02,8347.0,8347.0,8347.0,8347.0,2090,VND
2019-04-03,8347.0,8347.0,8097.0,8264.0,16775,VND
2019-04-04,8097.0,8264.0,8097.0,8264.0,242,VND
2019-04-05,8347.0,8347.0,8097.0,8097.0,16346,VND
2019-04-08,8347.0,8347.0,8264.0,8264.0,9966,VND
2019-04-09,8339.0,8339.0,7972.0,8097.0,42416,VND
2019-04-10,8264.0,8264.0,8013.0,8264.0,10725,VND
2019-04-11,8264.0,8264.0,8264.0,8264.0,11,VND
2019-04-12,8264.0,8264.0,8013.0,8097.0,26785,VND
2019-04-16,8013.0,8080.0,8013.0,8080.0,6127,VND
2019-04-17,8180.0,8180.0,8080.0,8180.0,3861,VND
2019-04-18,8180.0,8180.0,8030.0,8030.0,31625,VND
2019-04-19,8097.0,8180.0,8097.0,8130.0,71389,VND
2019-04-22,8556.0,8556.0,8264.0,8264.0,62402,VND
2019-04-23,8347.0,8347.0,8264.0,8339.0,12133,VND
2019-04-24,8013.0,8347.0,8013.0,8306.0,2970,VND
2019-04-25,8306.0,8306.0,8180.0,8180.0,11781,VND
2019-04-26,8339.0,8339.0,8180.0,8180.0,9262,VND
2019-05-02,8264.0,8264.0,8180.0,8180.0,1133,VND
2019-05-03,8180.0,8222.0,8139.0,8180.0,19965,VND
2019-05-06,8180.0,8180.0,7930.0,8180.0,2651,VND
2019-05-07,8180.0,8180.0,8114.0,8114.0,792,VND
2019-05-08,8105.0,8114.0,8097.0,8097.0,4202,VND
2019-05-09,8097.0,8097.0,8013.0,8013.0,4961,VND
2019-05-10,8097.0,8097.0,8064.0,8064.0,132,VND
2019-05-13,8097.0,8097.0,8013.0,8013.0,8668,VND
2019-05-14,7930.0,8055.0,7930.0,8055.0,2508,VND
2019-05-15,8055.0,8097.0,8055.0,8055.0,9845,VND
2019-05-16,7730.0,8097.0,7730.0,8097.0,154,VND
2019-05-17,8097.0,8097.0,7930.0,8097.0,9680,VND
2019-05-20,8097.0,8097.0,8097.0,8097.0,3047,VND
2019-05-21,8097.0,8180.0,8097.0,8139.0,2860,VND
2019-05-22,8214.0,8214.0,8097.0,8105.0,66175,VND
2019-05-23,8114.0,8180.0,8114.0,8180.0,21648,VND
2019-05-24,8180.0,8180.0,8097.0,8164.0,22363,VND
2019-05-27,8727.0,8727.0,8182.0,8364.0,12518,VND
2019-05-28,8364.0,8364.0,8182.0,8273.0,2618,VND
2019-05-29,7836.0,8273.0,7836.0,8136.0,6787,VND
2019-05-30,7818.0,8146.0,7818.0,8136.0,2376,VND
2019-05-31,8146.0,8182.0,8046.0,8046.0,2398,VND
2019-06-03,8046.0,8091.0,8000.0,8091.0,5181,VND
2019-06-04,8091.0,8091.0,8000.0,8091.0,12672,VND
2019-06-05,8091.0,8091.0,8046.0,8046.0,12463,VND
2019-06-06,8118.0,8118.0,7909.0,7918.0,4741,VND
2019-06-07,7918.0,8046.0,7918.0,8046.0,8690,VND
2019-06-10,8091.0,8091.0,8091.0,8091.0,4829,VND
2019-06-11,8136.0,8136.0,7918.0,7918.0,407,VND
2019-06-12,8000.0,8000.0,7764.0,8000.0,29469,VND
2019-06-13,8000.0,8091.0,8000.0,8000.0,11726,VND
2019-06-14,8000.0,8082.0,8000.0,8082.0,2508,VND
2019-06-17,8082.0,8136.0,8073.0,8127.0,23804,VND
2019-06-18,8136.0,8182.0,8054.0,8127.0,4114,VND
2019-06-19,8600.0,8600.0,8300.0,8450.0,43970,VND
2019-06-20,8450.0,8450.0,8300.0,8300.0,10010,VND
2019-06-21,8500.0,8500.0,8200.0,8480.0,9230,VND
2019-06-24,8490.0,8490.0,8400.0,8460.0,400,VND
2019-06-25,8460.0,8460.0,8300.0,8420.0,730,VND
2019-06-26,8220.0,8410.0,8220.0,8410.0,3500,VND
2019-06-27,8220.0,8400.0,8220.0,8250.0,10870,VND
2019-06-28,8400.0,8400.0,8220.0,8340.0,12070,VND
2019-07-01,8140.0,8390.0,8140.0,8360.0,3990,VND
2019-07-02,8360.0,8360.0,8000.0,8000.0,10440,VND
2019-07-03,8200.0,8200.0,8000.0,8000.0,25690,VND
2019-07-04,8200.0,8200.0,7950.0,7950.0,19030,VND
2019-07-05,8000.0,8000.0,7900.0,7900.0,16940,VND
2019-07-08,8100.0,8100.0,7850.0,8080.0,9350,VND
2019-07-09,7820.0,8080.0,7820.0,8080.0,1230,VND
2019-07-10,8090.0,8090.0,8000.0,8000.0,4360,VND
2019-07-11,8080.0,8080.0,8000.0,8050.0,3180,VND
2019-07-12,8090.0,8090.0,8000.0,8000.0,5840,VND
2019-07-15,7860.0,8000.0,7860.0,8000.0,4870,VND
2019-07-16,8090.0,8100.0,8000.0,8000.0,10200,VND
2019-07-17,8000.0,8050.0,7900.0,8050.0,14160,VND
2019-07-18,8050.0,8050.0,7900.0,8000.0,14940,VND
2019-07-19,8000.0,8000.0,7900.0,7900.0,2310,VND
2019-07-22,7900.0,8000.0,7810.0,7950.0,5280,VND
2019-07-23,7950.0,7950.0,7950.0,7950.0,110,VND
2019-07-24,7950.0,7950.0,7800.0,7800.0,10110,VND
2019-07-25,7900.0,7900.0,7800.0,7800.0,3370,VND
2019-07-26,7900.0,7900.0,7900.0,7900.0,11510,VND
2019-07-29,7800.0,7900.0,7600.0,7600.0,6620,VND
2019-07-30,7850.0,7850.0,7600.0,7600.0,3490,VND
2019-07-31,7600.0,7800.0,7600.0,7700.0,1380,VND
2019-08-01,7700.0,7700.0,7600.0,7600.0,1600,VND
2019-08-02,7700.0,7700.0,7600.0,7600.0,1320,VND
2019-08-05,7700.0,7700.0,7500.0,7500.0,22800,VND
2019-08-06,7500.0,7600.0,7300.0,7600.0,2300,VND
2019-08-07,7700.0,7700.0,7700.0,7700.0,120,VND
2019-08-08,6975.8,6975.8,6794.6,6885.2,8620,VND
2019-08-09,6613.4,6794.6,6522.8,6794.6,113360,VND
2019-08-12,6885.2,6885.2,6794.6,6794.6,440,VND
2019-08-13,6332.6,6749.3,6332.6,6704.0,3640,VND
2019-08-14,6704.0,6794.6,6704.0,6704.0,5790,VND
2019-08-15,6704.0,6704.0,6522.8,6522.8,2630,VND
2019-08-16,6522.8,6704.0,6522.8,6613.4,10290,VND
2019-08-19,6522.8,6613.4,6522.8,6613.4,8430,VND
2019-08-20,6613.4,6613.4,6613.4,6613.4,100,VND
2019-08-21,6522.8,6522.8,6432.2,6522.8,26360,VND
2019-08-22,6432.2,6522.8,6432.2,6477.5,6240,VND
2019-08-23,6477.5,6477.5,6341.6,6468.4,29310,VND
2019-08-26,6341.6,6468.4,6341.6,6468.4,52750,VND
2019-08-27,6468.4,6468.4,6341.6,6459.4,26920,VND
2019-08-28,6341.6,6450.3,6341.6,6432.2,17100,VND
2019-08-29,6432.2,6432.2,6341.6,6432.2,2860,VND
2019-08-30,6468.4,6468.4,6432.2,6441.3,2620,VND
2019-09-03,6441.3,6441.3,6296.3,6296.3,2710,VND
2019-09-04,6160.4,6432.2,6160.4,6414.1,13300,VND
2019-09-05,6459.4,6459.4,6341.6,6414.1,2560,VND
2019-09-06,6414.1,6414.1,6368.8,6368.8,510,VND
2019-09-09,6341.6,6341.6,5979.2,6296.3,9060,VND
2019-09-10,6251.0,6332.6,6115.1,6332.6,24980,VND
2019-09-11,6341.6,6341.6,6341.6,6341.6,630,VND
2019-09-12,6332.6,6332.6,6332.6,6332.6,890,VND
2019-09-13,6332.6,6350.7,6160.4,6350.7,6570,VND
2019-09-16,6450.3,6450.3,6359.7,6386.9,17120,VND
2019-09-17,6242.0,6432.2,6069.8,6386.9,2210,VND
2019-09-18,6386.9,6386.9,6386.9,6386.9,18220,VND
2019-09-19,6432.2,6432.2,6368.8,6386.9,12110,VND
2019-09-20,6432.2,6450.3,6423.1,6432.2,4970,VND
2019-09-23,6423.1,6432.2,6341.6,6341.6,2710,VND
2019-09-24,6432.2,6432.2,6124.2,6323.5,3910,VND
2019-09-25,6341.6,6341.6,6178.5,6341.6,28910,VND
2019-09-26,6341.6,6341.6,6205.7,6223.8,22610,VND
2019-09-27,6332.6,6341.6,6251.0,6332.6,12870,VND
2019-09-30,6332.6,6432.2,6332.6,6386.9,9670,VND
2019-10-01,6386.9,6423.1,6160.4,6423.1,2450,VND
2019-10-02,6386.9,6386.9,6386.9,6386.9,1790,VND
2019-10-03,6386.9,6386.9,6178.5,6178.5,11770,VND
2019-10-04,6368.8,6368.8,6341.6,6359.7,2350,VND
2019-10-07,6432.2,6432.2,6260.1,6386.9,14210,VND
2019-10-08,6377.9,6377.9,6223.8,6332.6,3000,VND
2019-10-09,6251.0,6332.6,6251.0,6323.5,2290,VND
2019-10-10,6332.6,6332.6,6205.7,6323.5,760,VND
2019-10-11,6323.5,6323.5,6305.4,6305.4,1230,VND
2019-10-14,6251.0,6305.4,6251.0,6305.4,3530,VND
2019-10-15,6405.0,6405.0,6260.1,6260.1,14820,VND
2019-10-16,6251.0,6341.6,6214.8,6332.6,1240,VND
2019-10-17,6332.6,6332.6,5979.2,5979.2,30600,VND
2019-10-18,6251.0,6251.0,6069.8,6069.8,13590,VND
2019-10-21,6251.0,6251.0,6078.9,6160.4,41260,VND
2019-10-22,6160.4,6251.0,6160.4,6251.0,4750,VND
2019-10-23,6287.3,6287.3,6124.2,6251.0,2460,VND
2019-10-24,6087.9,6251.0,6087.9,6097.0,11310,VND
2019-10-25,6287.3,6287.3,6115.1,6205.7,5780,VND
2019-10-28,6160.4,6242.0,6097.0,6097.0,5500,VND
2019-10-29,6232.9,6232.9,6042.7,6078.9,9960,VND
2019-10-30,6232.9,6232.9,5979.2,6214.8,27100,VND
2019-10-31,6214.8,6214.8,6214.8,6214.8,5040,VND
2019-11-01,6205.7,6205.7,6115.1,6151.4,13530,VND
2019-11-04,5997.4,6187.6,5997.4,6160.4,2970,VND
2019-11-05,6160.4,6160.4,6078.9,6160.4,10030,VND
2019-11-06,6242.0,6242.0,6160.4,6223.8,4050,VND
2019-11-07,6069.8,6223.8,6069.8,6205.7,7410,VND
2019-11-08,6205.7,6341.6,6205.7,6296.3,45280,VND
2019-11-11,6296.3,6296.3,6251.0,6251.0,2500,VND
2019-11-12,6251.0,6251.0,6205.7,6242.0,13690,VND
2019-11-13,6251.0,6296.3,6223.8,6296.3,24550,VND
2019-11-14,6296.3,6423.1,6296.3,6423.1,23540,VND
2019-11-15,6423.1,6477.5,6423.1,6432.2,11680,VND
2019-11-18,6432.2,6477.5,6341.6,6432.2,19830,VND
2019-11-19,6341.6,6341.6,6341.6,6341.6,560,VND
2019-11-20,6323.5,6396.0,6323.5,6341.6,13430,VND
2019-11-21,6477.5,6477.5,6341.6,6341.6,2570,VND
2019-11-22,6468.4,6468.4,6341.6,6341.6,14720,VND
2019-11-25,6350.7,6350.7,6323.5,6323.5,5490,VND
2019-11-26,6323.5,6323.5,6160.4,6323.5,10690,VND
2019-11-27,6160.4,6341.6,6160.4,6332.6,13970,VND
2019-11-28,6432.2,6432.2,6323.5,6323.5,5650,VND
2019-11-29,6341.6,6341.6,6341.6,6341.6,1880,VND
2019-12-02,6341.6,6341.6,6341.6,6341.6,870,VND
2019-12-03,6341.6,6341.6,6251.0,6251.0,20400,VND
2019-12-04,6178.5,6432.2,6178.5,6432.2,41900,VND
2019-12-05,6432.2,6477.5,6368.8,6386.9,22620,VND
2019-12-06,6386.9,6414.1,6386.9,6414.1,25810,VND
2019-12-09,6405.0,6522.8,6405.0,6522.8,39100,VND
2019-12-10,6613.4,6658.7,6522.8,6568.1,171980,VND
2019-12-11,6658.7,6839.9,6568.1,6794.6,143770,VND
2019-12-12,6885.2,7247.6,6885.2,7211.3,84830,VND
2019-12-13,7247.6,7419.7,7211.3,7401.6,55120,VND
2019-12-16,7157.0,7383.5,7157.0,7347.2,38810,VND
2019-12-17,7347.2,7347.2,7157.0,7157.0,78410,VND
2019-12-18,7247.6,7247.6,7157.0,7202.3,49050,VND
2019-12-19,7238.5,7238.5,7084.5,7093.5,26230,VND
2019-12-20,7258.1,7306.5,7161.3,7258.1,45990,VND
2019-12-23,7258.1,7345.2,6967.7,7258.1,47260,VND
2019-12-24,7258.1,7335.5,7112.9,7258.1,18220,VND
2019-12-25,7248.4,7258.1,7248.4,7258.1,68110,VND
2019-12-26,7112.9,7306.5,6977.4,7258.1,30790,VND
2019-12-27,7258.1,7761.3,7258.1,7606.5,49710,VND
2019-12-30,7838.7,7838.7,7616.1,7712.9,56040,VND
2019-12-31,7712.9,7732.3,7258.1,7596.8,85160,VND
2020-01-02,7258.1,7587.1,7258.1,7587.1,20940,VND
2020-01-03,7645.2,7645.2,7258.1,7258.1,28830,VND
2020-01-06,7209.7,7451.6,7209.7,7258.1,30180,VND
2020-01-07,7548.4,7548.4,7258.1,7258.1,50180,VND
2020-01-08,7112.9,7345.2,7112.9,7258.1,10790,VND
2020-01-09,7354.8,7354.8,7161.3,7248.4,14510,VND
2020-01-10,7354.8,7354.8,7190.3,7335.5,34450,VND
2020-01-13,7741.9,7741.9,7258.1,7335.5,22160,VND
2020-01-14,7722.6,7722.6,7306.5,7335.5,24550,VND
2020-01-15,7354.8,7354.8,7335.5,7335.5,13260,VND
2020-01-16,7335.5,7335.5,7267.7,7296.8,32830,VND
2020-01-17,7296.8,7741.9,7296.8,7548.4,12750,VND
2020-01-20,7403.2,7403.2,7354.8,7354.8,5630,VND
2020-01-21,7354.8,7741.9,7354.8,7451.6,4530,VND
2020-01-22,7741.9,7964.5,7548.4,7964.5,125900,VND
2020-01-30,7964.5,8516.1,7664.5,8516.1,67040,VND
2020-01-31,9096.8,9106.5,9000.0,9106.5,86900,VND
2020-02-03,9677.4,9677.4,9096.8,9183.9,218220,VND
2020-02-04,9183.9,9387.1,9096.8,9232.3,85900,VND
2020-02-05,9483.9,9483.9,9106.5,9193.5,86490,VND
2020-02-06,9290.3,9290.3,9000.0,9232.3,117190,VND
2020-02-07,9280.6,9290.3,9096.8,9280.6,107350,VND
2020-02-10,9280.6,9667.7,9193.5,9290.3,190770,VND
2020-02-11,9290.3,9387.1,9193.5,9290.3,93320,VND
2020-02-12,9290.3,9290.3,9193.5,9241.9,10320,VND
2020-02-13,9241.9,9241.9,8709.7,8709.7,20830,VND
2020-02-14,9096.8,9096.8,8719.4,8854.8,28840,VND
2020-02-17,8709.7,8903.2,8709.7,8806.5,45890,VND
2020-02-18,9000.0,9000.0,8709.7,8709.7,20500,VND
2020-02-19,9193.5,9319.4,8709.7,9193.5,25340,VND
2020-02-20,9474.2,9474.2,9096.8,9290.3,43210,VND
2020-02-21,9096.8,9193.5,9000.0,9048.4,29550,VND
2020-02-24,9048.4,9048.4,8709.7,8709.7,16000,VND
2020-02-25,8709.7,8806.5,8709.7,8806.5,12470,VND
2020-02-26,8806.5,9154.8,8806.5,8854.8,4620,VND
2020-02-27,8854.8,9174.2,8854.8,9135.5,30150,VND
2020-02-28,9580.6,9580.6,8903.2,9000.0,12770,VND
2020-03-02,9483.9,9483.9,9000.0,9000.0,6950,VND
2020-03-03,9000.0,9000.0,8709.7,8816.1,7420,VND
2020-03-04,8709.7,8903.2,8516.1,8806.5,17160,VND
2020-03-05,8806.5,8806.5,8612.9,8709.7,13960,VND
2020-03-06,8612.9,8709.7,8516.1,8709.7,3860,VND
2020-03-09,8100.0,8235.5,8100.0,8100.0,36660,VND
2020-03-10,8100.0,8661.3,7790.3,7809.7,31750,VND
2020-03-11,8351.6,8351.6,7800.0,8225.8,23750,VND
2020-03-12,8700.0,8700.0,7800.0,8225.8,2370,VND
2020-03-13,8419.4,8419.4,7654.8,8225.8,4410,VND
2020-03-16,7741.9,8032.3,7741.9,7838.7,5940,VND
2020-03-17,8022.6,8022.6,8022.6,8022.6,1020,VND
2020-03-18,8322.6,8583.9,8322.6,8322.6,18200,VND
2020-03-19,8603.2,8603.2,8032.3,8225.8,1070,VND
2020-03-20,8032.3,8516.1,8032.3,8225.8,20640,VND
2020-03-23,7741.9,7741.9,7654.8,7664.5,2430,VND
2020-03-24,8196.8,8196.8,8032.3,8032.3,4020,VND
2020-03-25,8225.8,8225.8,7548.4,8177.4,3280,VND
2020-03-26,7625.8,8612.9,7625.8,8216.1,4090,VND
2020-03-27,8225.8,8225.8,7693.5,7693.5,1020,VND
2020-03-30,8216.1,8216.1,8216.1,8216.1,10,VND
2020-03-31,8032.3,8032.3,7645.2,7741.9,10140,VND
2020-04-01,7200.0,8119.4,7200.0,8100.0,2120,VND
2020-04-03,7935.5,8312.9,7935.5,8216.1,1150,VND
2020-04-06,8129.0,8709.7,8129.0,8225.8,10860,VND
2020-04-07,8225.8,8225.8,8032.3,8032.3,4240,VND
2020-04-08,7741.9,8032.3,7741.9,8032.3,3350,VND
2020-04-09,7500.0,8032.3,7500.0,8032.3,40530,VND
2020-04-10,8322.6,8322.6,8032.3,8129.0,1540,VND
2020-04-13,7654.8,8119.4,7596.8,7741.9,29210,VND
2020-04-14,7741.9,7925.8,7741.9,7925.8,5140,VND
2020-04-15,7925.8,8032.3,7645.2,8032.3,3520,VND
2020-04-16,7983.9,7983.9,7741.9,7741.9,8880,VND
2020-04-17,8129.0,8129.0,7838.7,7916.1,5740,VND
2020-04-20,8467.7,8467.7,7848.4,7848.4,17560,VND
2020-04-21,7848.4,8032.3,7848.4,7887.1,23930,VND
2020-04-22,7645.2,7935.5,7645.2,7916.1,1720,VND
2020-04-23,8216.1,8216.1,7838.7,7838.7,29870,VND
2020-04-24,7741.9,7741.9,7654.8,7693.5,9000,VND
2020-04-27,7645.2,7741.9,7558.1,7558.1,21570,VND
2020-04-28,7741.9,7741.9,7558.1,7741.9,11690,VND
2020-04-29,7732.3,7741.9,7596.8,7741.9,6340,VND
2020-05-04,7867.7,7867.7,7258.1,7354.8,21270,VND
2020-05-05,7354.8,7645.2,7354.8,7451.6,5880,VND
2020-05-06,7645.2,7645.2,7403.2,7625.8,20560,VND
2020-05-07,7548.4,7741.9,7461.3,7645.2,22760,VND
2020-05-08,7383.9,7741.9,7374.2,7635.5,75820,VND
2020-05-11,7354.8,7732.3,7354.8,7635.5,2610,VND
2020-05-12,7374.2,7635.5,7374.2,7625.8,4790,VND
2020-05-13,7596.8,7596.8,7093.5,7548.4,49820,VND
2020-05-14,7258.1,7741.9,7258.1,7635.5,11920,VND
2020-05-15,7645.2,7693.5,7625.8,7625.8,6490,VND
2020-05-18,7606.5,7606.5,7364.5,7364.5,12900,VND
2020-05-19,7364.5,7548.4,7364.5,7548.4,280,VND
2020-05-20,7383.9,7558.1,7383.9,7558.1,320,VND
2020-05-21,7354.8,7567.7,7354.8,7451.6,4610,VND
2020-05-22,7451.6,7548.4,7451.6,7548.4,4840,VND
2020-05-25,7548.4,7645.2,7548.4,7596.8,7520,VND
2020-05-26,7267.7,7712.9,7267.7,7693.5,11100,VND
2020-05-27,7722.6,7741.9,7548.4,7645.2,46380,VND
2020-05-28,7722.6,7887.1,7722.6,7867.7,10610,VND
2020-05-29,8216.1,8216.1,7761.3,7771.0,22550,VND
2020-06-01,7771.0,7935.5,7771.0,7838.7,24640,VND
2020-06-02,8129.0,8129.0,7548.4,7916.1,30450,VND
2020-06-03,7616.1,7896.8,7616.1,7693.5,8990,VND
2020-06-04,7964.5,7983.9,7741.9,7925.8,41960,VND
2020-06-05,7925.8,7925.8,7741.9,7925.8,21170,VND
2020-06-08,7925.8,8080.6,7848.4,7954.8,149630,VND
2020-06-09,8206.5,8225.8,7954.8,8119.4,64650,VND
2020-06-10,8322.6,8322.6,8119.4,8119.4,19620,VND
2020-06-11,8119.4,8119.4,7838.7,7838.7,54140,VND
2020-06-12,7432.3,7741.9,7306.5,7741.9,41880,VND
2020-06-15,7741.9,8022.6,7741.9,7741.9,8930,VND
2020-06-16,8032.3,8032.3,7558.1,7722.6,6780,VND
2020-06-17,7606.5,7741.9,7606.5,7741.9,9770,VND
2020-06-18,8022.6,8022.6,7741.9,7790.3,56910,VND
2020-06-19,8022.6,8022.6,7790.3,7819.4,15840,VND
2020-06-22,7935.5,8119.4,7935.5,8032.3,86520,VND
2020-06-23,8225.8,8593.5,8225.8,8593.5,250660,VND
2020-06-24,9193.5,9193.5,9106.5,9193.5,300630,VND
2020-06-25,9193.5,9290.3,9000.0,9096.8,87200,VND
2020-06-26,8903.2,9096.8,8709.7,8903.2,99800,VND
2020-06-29,8709.7,8709.7,8283.9,8283.9,159620,VND
2020-06-30,8516.1,8612.9,7741.9,7741.9,45050,VND
2020-07-01,7751.6,8206.5,7751.6,8041.9,16980,VND
2020-07-02,8322.6,8322.6,8041.9,8225.8,9870,VND
2020-07-03,8225.8,8225.8,7935.5,7964.5,13180,VND
2020-07-06,8206.5,8206.5,7848.4,7983.9,7870,VND
2020-07-07,7887.1,8129.0,7858.1,8032.3,24100,VND
2020-07-08,8322.6,8322.6,8032.3,8177.4,5430,VND
2020-07-09,7858.1,8312.9,7858.1,8216.1,10050,VND
2020-07-10,8129.0,8129.0,8032.3,8032.3,14110,VND
2020-07-13,8419.4,8419.4,8032.3,8254.8,2460,VND
2020-07-14,8254.8,8254.8,7935.5,8177.4,10220,VND
2020-07-15,8041.9,8177.4,7993.5,7993.5,25110,VND
2020-07-16,7993.5,8274.2,7983.9,7983.9,9840,VND
2020-07-17,7983.9,8109.7,7935.5,8109.7,12570,VND
2020-07-20,8109.7,8109.7,7964.5,8109.7,260,VND
2020-07-21,7945.2,8177.4,7935.5,8032.3,7590,VND
2020-07-22,7887.1,8032.3,7887.1,8032.3,9980,VND
2020-07-23,7896.8,8080.6,7887.1,8080.6,23260,VND
2020-07-24,8119.4,8119.4,7519.4,7519.4,73450,VND
2020-07-27,6996.8,7161.3,6996.8,7064.5,46240,VND
2020-07-28,7064.5,7403.2,7016.1,7064.5,48200,VND
2020-07-29,7016.1,7112.9,6774.2,7093.5,14270,VND
2020-07-30,7103.2,7161.3,7103.2,7161.3,5520,VND
2020-07-31,7161.3,7161.3,6774.2,7064.5,17260,VND
2020-08-03,7016.1,7558.1,7016.1,7451.6,11800,VND
2020-08-04,7451.6,7693.5,7258.1,7432.3,14230,VND
2020-08-05,7741.9,7741.9,7258.1,7451.6,4740,VND
2020-08-06,7732.3,7732.3,7451.6,7451.6,51710,VND
2020-08-07,7451.6,7451.6,7306.5,7451.6,13900,VND
2020-08-10,7451.6,7722.6,7451.6,7451.6,15800,VND
2020-08-11,7645.2,7645.2,7412.9,7519.4,57970,VND
2020-08-12,7267.7,7519.4,7267.7,7519.4,10940,VND
2020-08-13,7519.4,7645.2,7403.2,7451.6,11370,VND
2020-08-14,7451.6,7451.6,7451.6,7451.6,11900,VND
2020-08-17,7548.4,7548.4,7441.9,7529.0,10970,VND
2020-08-18,7548.4,7548.4,7529.0,7548.4,16430,VND
2020-08-19,7548.4,7645.2,7548.4,7548.4,21380,VND
2020-08-20,7596.8,7645.2,7548.4,7645.2,30860,VND
2020-08-21,7635.5,7838.7,7451.6,7645.2,7960,VND
2020-08-24,7693.5,7887.1,7693.5,7887.1,5870,VND
2020-08-25,7925.8,7925.8,7741.9,7916.1,56310,VND
2020-08-26,7896.8,7896.8,7838.7,7896.8,9340,VND
2020-08-27,8090.3,8090.3,7741.9,7916.1,10110,VND
2020-08-28,7935.5,7935.5,7780.6,7790.3,43560,VND
2020-08-31,8022.6,8022.6,7790.3,7887.1,18630,VND
2020-09-01,7887.1,7887.1,7838.7,7838.7,18640,VND
2020-09-03,7838.7,7858.1,7751.6,7838.7,83850,VND
2020-09-04,7461.3,7896.8,7461.3,7896.8,62520,VND
2020-09-07,8012.9,8012.9,7896.8,8003.2,144540,VND
2020-09-08,8003.2,8003.2,7935.5,7993.5,56280,VND
2020-09-09,7954.8,8516.1,7954.8,8071.0,26430,VND
2020-09-10,8071.0,8071.0,7993.5,8041.9,6700,VND
2020-09-11,8041.9,8109.7,7935.5,8032.3,25550,VND
2020-09-14,8119.4,8119.4,7983.9,8032.3,38780,VND
2020-09-15,8129.0,8129.0,7964.5,8032.3,64880,VND
2020-09-16,8080.6,8119.4,8032.3,8032.3,82260,VND
2020-09-17,8080.6,8080.6,8022.6,8032.3,87830,VND
2020-09-18,8022.6,8225.8,8022.6,8119.4,134140,VND
2020-09-21,8177.4,8216.1,8090.3,8090.3,78770,VND
2020-09-22,8129.0,8129.0,8032.3,8109.7,34710,VND
2020-09-23,8109.7,8129.0,8032.3,8041.9,95780,VND
2020-09-24,8041.9,8109.7,8041.9,8080.6,148880,VND
2020-09-25,8119.4,8119.4,8032.3,8041.9,58760,VND
2020-09-28,8041.9,8148.4,8041.9,8129.0,74910,VND
2020-09-29,8138.7,8516.1,8138.7,8380.6,154730,VND
2020-09-30,8380.6,8458.1,8322.6,8448.4,151460,VND
2020-10-01,8612.9,9038.7,8409.7,8903.2,276820,VND
2020-10-02,8903.2,9193.5,8864.5,9000.0,328760,VND
2020-10-05,9193.5,9241.9,9048.4,9232.3,151980,VND
2020-10-06,9271.0,9271.0,9048.4,9271.0,190760,VND
2020-10-07,9271.0,9271.0,9106.5,9164.5,52050,VND
2020-10-08,9241.9,9271.0,9096.8,9193.5,77790,VND
2020-10-09,9193.5,9290.3,9096.8,9290.3,68930,VND
2020-10-12,9290.3,9290.3,9000.0,9000.0,34350,VND
2020-10-13,9000.0,9193.5,8951.6,9145.2,39780,VND
2020-10-14,9193.5,9193.5,9000.0,9058.1,35940,VND
2020-10-15,9174.2,9193.5,9058.1,9174.2,68180,VND
2020-10-16,9193.5,9193.5,9000.0,9164.5,60250,VND
2020-10-19,9164.5,9774.2,9096.8,9774.2,394760,VND
2020-10-20,10161.3,10258.1,9774.2,10016.1,207880,VND
2020-10-21,10016.1,10016.1,9580.6,9677.4,231610,VND
2020-10-22,9309.7,9571.0,9290.3,9387.1,180440,VND
2020-10-23,9387.1,9677.4,9387.1,9387.1,139580,VND
2020-10-26,9677.4,9677.4,9338.7,9338.7,61400,VND
2020-10-27,9000.0,9309.7,9000.0,9096.8,74010,VND
2020-10-28,9183.9,9193.5,8758.1,8825.8,68000,VND
2020-10-29,8825.8,8903.2,8612.9,8903.2,101570,VND
2020-10-30,8806.5,8903.2,8612.9,8612.9,107980,VND
2020-11-02,8225.8,8903.2,8225.8,8903.2,19390,VND
2020-11-03,8903.2,9174.2,8903.2,9077.4,55960,VND
2020-11-04,9077.4,9154.8,8709.7,9154.8,20590,VND
2020-11-05,8806.5,9096.8,8709.7,9077.4,15840,VND
2020-11-06,9077.4,9193.5,8719.4,9058.1,27300,VND
2020-11-09,9058.1,9135.5,9048.4,9096.8,13260,VND
2020-11-10,9280.6,9280.6,8806.5,9067.7,239540,VND
2020-11-11,9116.1,9116.1,8816.1,9000.0,46580,VND
2020-11-12,9000.0,9000.0,8903.2,8990.3,46410,VND
2020-11-13,8767.7,8903.2,8767.7,8806.5,220880,VND
2020-11-16,8806.5,9183.9,8806.5,9087.1,84330,VND
2020-11-17,9087.1,9145.2,9000.0,9096.8,94750,VND
2020-11-18,9096.8,9290.3,8806.5,9193.5,90840,VND
2020-11-19,9106.5,9571.0,9106.5,9483.9,118510,VND
2020-11-20,9483.9,9493.5,9387.1,9406.5,40320,VND
2020-11-23,9290.3,9290.3,9048.4,9271.0,107990,VND
2020-11-24,9271.0,9483.9,9193.5,9193.5,82740,VND
2020-11-25,9387.1,9387.1,9193.5,9338.7,87230,VND
2020-11-26,9290.3,9377.4,9290.3,9329.0,44490,VND
2020-11-27,9367.7,9377.4,9193.5,9329.0,73090,VND
2020-11-30,9483.9,9483.9,9309.7,9338.7,71930,VND
2020-12-01,9193.5,9329.0,9193.5,9319.4,69170,VND
2020-12-02,9319.4,9580.6,9193.5,9503.2,214550,VND
2020-12-03,9503.2,9967.7,9503.2,9774.2,197360,VND
2020-12-04,9774.2,9967.7,9774.2,9919.4,162180,VND
2020-12-07,9967.7,10209.7,9967.7,10112.9,233710,VND
2020-12-08,10161.3,10306.5,9967.7,10306.5,331080,VND
2020-12-09,10645.2,10983.9,10548.4,10983.9,771430,VND
2020-12-10,10935.5,11032.3,10500.0,10645.2,422450,VND
2020-12-11,10403.2,10741.9,10403.2,10693.5,174300,VND
2020-12-14,10741.9,11129.0,10645.2,10935.5,919130,VND
2020-12-15,11129.0,11129.0,10741.9,10838.7,734950,VND
2020-12-16,10741.9,11032.3,10645.2,10790.3,363170,VND
2020-12-17,10790.3,10935.5,10693.5,10693.5,356530,VND
2020-12-18,10693.5,11419.4,10645.2,11419.4,1010090,VND
2020-12-21,11612.9,12193.5,11612.9,12096.8,1160760,VND
2020-12-22,12096.8,12629.0,12048.4,12193.5,1173700,VND
2020-12-23,11612.9,12096.8,11612.9,11661.3,849660,VND
2020-12-24,11661.3,11903.2,10887.1,11322.6,589900,VND
2020-12-25,11322.6,12000.0,11129.0,11612.9,1134570,VND
2020-12-28,12193.5,12193.5,11612.9,11854.8,1512440,VND
2020-12-29,11854.8,12048.4,11806.5,11854.8,591030,VND
2020-12-30,11903.2,11951.6,11612.9,11661.3,478380,VND
2020-12-31,11854.8,12096.8,11661.3,12048.4,900930,VND
2021-01-04,12387.1,12871.0,12387.1,12871.0,912900,VND
2021-01-05,13548.4,13741.9,13451.6,13741.9,5580100,VND
2021-01-06,14661.3,14661.3,14564.5,14661.3,3229300,VND
2021-01-07,15677.4,15677.4,15677.4,15677.4,948500,VND
2021-01-08,15967.7,16741.9,15677.4,16258.1,3180000,VND
2021-01-11,16258.1,16258.1,15387.1,15435.5,3228500,VND
2021-01-12,15338.7,15871.0,14709.7,15387.1,1684400,VND
2021-01-13,15822.6,15822.6,15145.2,15193.5,1835600,VND
2021-01-14,15290.3,16209.7,15048.4,16209.7,2797300,VND
2021-01-15,17225.8,17225.8,16451.6,16838.7,1320000,VND
2021-01-18,16548.4,16838.7,16064.5,16354.8,2122100,VND
2021-01-19,16161.3,16403.2,15241.9,15241.9,1883300,VND
2021-01-20,15193.5,15387.1,14177.4,14612.9,1524300,VND
2021-01-21,14806.5,15290.3,14129.0,15096.8,1410700,VND
2021-01-22,15096.8,15096.8,14564.5,14612.9,867100,VND
2021-01-25,14225.8,14854.8,14032.3,14516.1,1153400,VND
2021-01-26,14032.3,14661.3,13500.0,13500.0,1499000,VND
2021-01-27,13064.5,13354.8,12580.6,12580.6,3005000,VND
2021-01-28,11709.7,11709.7,11709.7,11709.7,290500,VND
2021-01-29,10935.5,12096.8,10935.5,11758.1,1815600,VND
2021-02-01,11612.9,12193.5,10935.5,10935.5,1539000,VND
2021-02-02,10935.5,11225.8,10451.6,10983.9,730800,VND
2021-02-03,11322.6,11709.7,10983.9,11709.7,812200,VND
2021-02-04,12483.9,12483.9,12096.8,12483.9,1370700,VND
2021-02-05,13161.3,13354.8,12871.0,13354.8,1182100,VND
2021-02-08,13354.8,14177.4,12677.4,13064.5,1576300,VND
2021-02-09,13112.9,13548.4,12580.6,13354.8,1543800,VND
2021-02-17,13548.4,13935.5,13451.6,13887.1,1175500,VND
2021-02-18,13935.5,13983.9,13064.5,13451.6,934100,VND
2021-02-19,13258.1,13645.2,13161.3,13403.2,638200,VND
2021-02-22,13403.2,13645.2,13258.1,13354.8,714000,VND
2021-02-23,13258.1,13645.2,13161.3,13596.8,1270300,VND
2021-02-24,13887.1,14129.0,13403.2,13500.0,1439500,VND
2021-02-25,13596.8,13693.5,13306.5,13500.0,677700,VND
2021-02-26,13258.1,13451.6,13161.3,13451.6,630000,VND
2021-03-01,13451.6,13983.9,13451.6,13935.5,1169100,VND
2021-03-02,14129.0,14129.0,13693.5,13741.9,1604500,VND
2021-03-03,13693.5,14032.3,13596.8,13838.7,1012600,VND
2021-03-04,13838.7,14080.6,13161.3,13403.2,1277500,VND
2021-03-05,13354.8,13838.7,13258.1,13693.5,583500,VND
2021-03-08,14129.0,14612.9,13838.7,14612.9,2842900,VND
2021-03-09,14516.1,15000.0,14322.6,14709.7,1539100,VND
2021-03-10,14612.9,14709.7,14322.6,14419.4,764300,VND
2021-03-11,14709.7,15290.3,14564.5,15000.0,2166700,VND
2021-03-12,15000.0,15096.8,14516.1,14516.1,1556100,VND
2021-03-15,14709.7,14806.5,14564.5,14806.5,1018600,VND
2021-03-16,14709.7,14806.5,14322.6,14516.1,993700,VND
2021-03-17,14419.4,14758.1,14419.4,14709.7,686600,VND
2021-03-18,15000.0,15000.0,14709.7,14806.5,867500,VND
2021-03-19,14903.2,15241.9,14758.1,14903.2,892600,VND
2021-03-22,15000.0,15000.0,14661.3,14806.5,758200,VND
2021-03-23,14709.7,14806.5,14032.3,14322.6,827500,VND
2021-03-24,14129.0,14225.8,13645.2,13838.7,935800,VND
2021-03-25,14032.3,14032.3,13548.4,13741.9,691600,VND
2021-03-26,13500.0,13741.9,12871.0,13741.9,919700,VND
2021-03-29,13790.3,14032.3,13645.2,14032.3,794700,VND
2021-03-30,14225.8,14225.8,13741.9,14032.3,553800,VND
2021-03-31,14032.3,14419.4,13935.5,14225.8,679700,VND
2021-04-01,14032.3,14903.2,14032.3,14806.5,1478300,VND
2021-04-02,15193.5,15193.5,14758.1,15000.0,983900,VND
2021-04-05,15241.9,15483.9,14806.5,14806.5,1648200,VND
2021-04-06,14806.5,14854.8,14516.1,14564.5,1178200,VND
2021-04-07,14564.5,15096.8,14564.5,15000.0,1020700,VND
2021-04-08,15048.4,15241.9,14758.1,15000.0,843500,VND
2021-04-09,15000.0,15290.3,14951.6,15096.8,1187300,VND
2021-04-12,15338.7,15435.5,14903.2,15435.5,2508900,VND
2021-04-13,15774.2,15774.2,15096.8,15193.5,1973800,VND
2021-04-14,14951.6,15193.5,14854.8,15145.2,1013300,VND
2021-04-15,15145.2,15241.9,14564.5,14661.3,1161900,VND
2021-04-16,14564.5,14709.7,13741.9,14032.3,1535000,VND
2021-04-19,14129.0,14612.9,14129.0,14564.5,719100,VND
2021-04-20,14806.5,14903.2,14274.2,14322.6,606400,VND
2021-04-22,13935.5,14322.6,13548.4,13548.4,1008600,VND
2021-04-23,13548.4,14032.3,13258.1,13887.1,632600,VND
2021-04-26,13983.9,13983.9,13258.1,13258.1,761700,VND
2021-04-27,13258.1,13548.4,12919.4,13258.1,389200,VND
2021-04-28,13354.8,13548.4,13354.8,13451.6,309500,VND
2021-05-06,14322.6,14612.9,13548.4,13741.9,993417,VND
2021-05-07,13741.9,14032.3,13451.6,13548.4,883861,VND
2021-05-10,13451.6,14709.7,13258.1,14709.7,1678249,VND
2021-05-11,14709.7,15096.8,14032.3,14516.1,1734719,VND
2021-05-12,14516.1,14806.5,14225.8,14612.9,846085,VND
2021-05-13,14612.9,15193.5,14419.4,14709.7,1770358,VND
2021-05-14,14903.2,15096.8,14419.4,14612.9,1200382,VND
2021-05-17,14612.9,15000.0,14516.1,14806.5,1456392,VND
2021-05-18,14806.5,14903.2,14419.4,14612.9,1005248,VND
2021-05-19,14516.1,14612.9,14225.8,14419.4,900012,VND
2021-05-20,14419.4,15774.2,14225.8,15774.2,4923113,VND
2021-05-21,16064.5,17032.3,15967.7,16064.5,2133237,VND
2021-05-24,16064.5,16354.8,15774.2,16161.3,1235828,VND
2021-05-25,16258.1,16935.5,15967.7,16741.9,2048913,VND
2021-05-26,16838.7,16838.7,16451.6,16645.2,1406821,VND
2021-05-27,16741.9,16741.9,15580.6,16064.5,1965022,VND
2021-05-28,16064.5,17612.9,15967.7,17612.9,3298988,VND
2021-05-31,17903.2,19354.8,17903.2,19354.8,2167222,VND
2021-06-01,19548.4,21290.3,19451.6,20709.7,4231610,VND
2021-06-02,20806.5,21096.8,19548.4,20903.2,2760209,VND
2021-06-03,21000.0,22935.5,21000.0,22741.9,2333732,VND
2021-06-04,22838.7,22935.5,21290.3,21580.6,2694947,VND
2021-06-07,21580.6,21580.6,19451.6,19548.4,4505740,VND
2021-06-08,19548.4,20322.6,17612.9,17612.9,2697689,VND
2021-06-09,17709.7,19354.8,17419.4,19354.8,1811293,VND
2021-06-10,19548.4,20322.6,18967.7,19064.5,2056200,VND
2021-06-11,19064.5,20419.4,18774.2,19741.9,1607470,VND
2021-06-14,19741.9,21387.1,19645.2,20903.2,2509105,VND
2021-06-15,20903.2,22258.1,20419.4,21193.5,3115636,VND
2021-06-16,21193.5,22064.5,20903.2,21096.8,1931940,VND
2021-06-17,21096.8,21483.9,20322.6,21387.1,1370797,VND
2021-06-18,21387.1,22161.3,21193.5,21290.3,1862838,VND
2021-06-21,21290.3,21677.4,20322.6,20322.6,1935825,VND
2021-06-22,20612.9,21000.0,20516.1,20612.9,1512610,VND
2021-06-23,20612.9,21677.4,20419.4,20709.7,1316590,VND
2021-06-24,20806.5,21290.3,20419.4,20806.5,1060980,VND
2021-06-25,21000.0,21967.7,20806.5,21967.7,2716719,VND
2021-06-28,21871.0,22741.9,21871.0,22064.5,1386125,VND
2021-06-29,22161.3,22548.4,21774.2,22064.5,1310462,VND
2021-06-30,21871.0,22161.3,21774.2,21774.2,1311123,VND
2021-07-01,21871.0,23903.2,21774.2,23903.2,3949288,VND
2021-07-02,24871.0,26032.3,24193.6,24967.7,2192920,VND
2021-07-05,24967.7,25548.4,23225.8,24677.4,1867123,VND
2021-07-06,24677.4,25064.5,22258.1,22258.1,2811003,VND
2021-07-07,22258.1,22935.5,20419.4,22935.5,2260725,VND
2021-07-08,22935.5,23225.8,22064.5,22645.2,1338387,VND
2021-07-09,22645.2,22645.2,20419.4,20806.5,1905099,VND
2021-07-12,20806.5,20806.5,18774.2,18774.2,4012622,VND
2021-07-13,18871.0,20129.0,18774.2,20129.0,1608786,VND
2021-07-14,20322.6,20419.4,19064.5,19935.5,1019815,VND
2021-07-15,19645.2,21387.1,19354.8,20806.5,1443797,VND
2021-07-16,20806.5,21096.8,20322.6,20516.1,891551,VND
2021-07-19,18580.6,20419.4,18580.6,19161.3,1650571,VND
2021-07-20,18774.2,20322.6,18387.1,20322.6,1466972,VND
2021-07-21,20612.9,20612.9,19451.6,19741.9,775134,VND
2021-07-22,19741.9,20322.6,19741.9,19935.5,827546,VND
2021-07-23,19935.5,20322.6,19741.9,19741.9,1162654,VND
2021-07-26,19354.8,19935.5,19161.3,19741.9,749650,VND
2021-07-27,19741.9,20806.5,19741.9,20322.6,1522237,VND
2021-07-28,20322.6,20419.4,20032.3,20129.0,662007,VND
2021-07-29,20129.0,20806.5,20129.0,20806.5,1308685,VND
2021-07-30,20903.2,21387.1,20806.5,21096.8,1666494,VND
2021-08-02,21096.8,21290.3,20806.5,20806.5,1159276,VND
2021-08-03,20806.5,21387.1,20612.9,21387.1,2024568,VND
2021-08-04,21774.2,22258.1,21387.1,21774.2,1449427,VND
2021-08-05,21677.4,21967.7,21387.1,21967.7,1175224,VND
2021-08-06,21967.7,21967.7,21580.6,21580.6,1124644,VND
2021-08-09,21580.6,23225.8,21096.8,22935.5,2475027,VND
2021-08-10,22935.5,23709.7,22645.2,23032.3,1684988,VND
2021-08-11,23032.3,23129.0,22064.5,22258.1,1287122,VND
2021-08-12,22258.1,23709.7,21967.7,23225.8,2676949,VND
2021-08-13,23225.8,24193.6,23032.3,24193.6,2598561,VND
2021-08-16,24193.6,26612.9,24193.6,26612.9,2864989,VND
2021-08-17,26612.9,27096.8,25935.5,26225.8,1929870,VND
2021-08-18,26225.8,27774.2,25645.2,26806.5,2452634,VND
2021-08-19,26806.5,27967.7,26516.1,27483.9,1372372,VND
2021-08-20,27483.9,28064.5,24967.7,26419.4,3547049,VND
2021-08-23,26419.4,28741.9,26129.0,28354.8,3064519,VND
2021-08-24,28451.6,29032.3,25935.5,26612.9,2224705,VND
2021-08-25,26612.9,27000.0,26129.0,27000.0,1317144,VND
2021-08-26,28000.0,28000.0,26600.0,26700.0,1271057,VND
2021-08-27,26800.0,27800.0,26000.0,27800.0,1747197,VND
2021-09-06,28800.0,28900.0,27850.0,28400.0,2405900,VND
2021-09-07,28600.0,29000.0,28400.0,28550.0,2004600,VND
2021-09-08,29000.0,29000.0,27850.0,28100.0,825300,VND
2021-09-09,28100.0,28500.0,27800.0,28500.0,817200,VND
2021-09-10,28800.0,28800.0,28100.0,28100.0,779600,VND
2021-09-13,28200.0,28300.0,27100.0,27200.0,1181300,VND
2021-09-14,27800.0,27850.0,25300.0,26200.0,1488600,VND
2021-09-15,26000.0,27300.0,25800.0,27300.0,819600,VND
2021-09-16,27300.0,27400.0,27000.0,27200.0,449600,VND
2021-09-17,27200.0,28300.0,27100.0,28100.0,989100,VND
2021-09-20,28700.0,28800.0,27000.0,27500.0,1409000,VND
2021-09-21,27200.0,27700.0,26500.0,27450.0,1085800,VND
2021-09-22,27500.0,28100.0,27200.0,27950.0,638100,VND
2021-09-23,28200.0,28200.0,27600.0,27800.0,803200,VND
2021-09-24,27800.0,28000.0,27500.0,27550.0,459400,VND
2021-09-27,27550.0,27600.0,26400.0,26400.0,884600,VND
2021-09-28,26200.0,27200.0,25950.0,26900.0,564500,VND
2021-09-29,26700.0,27100.0,26400.0,26900.0,331600,VND
2021-09-30,26800.0,27200.0,26650.0,26800.0,385500,VND
2021-10-01,26900.0,26900.0,26300.0,26300.0,632600,VND
