2010-04-26,15153.0,15153.0,13731.0,13731.0,330550,VND
2010-04-27,13354.0,13499.0,13121.0,13121.0,338744,VND
2010-04-28,13063.0,14050.0,13063.0,14050.0,270196,VND
2010-04-29,14892.0,14892.0,14805.0,14892.0,1107164,VND
2010-05-04,15821.0,15908.0,15240.0,15473.0,443465,VND
2010-05-05,16750.0,16750.0,14660.0,15008.0,289781,VND
2010-05-06,14515.0,15095.0,14515.0,14515.0,348337,VND
2010-05-07,14805.0,14805.0,13760.0,14079.0,310765,VND
2010-05-10,14805.0,14805.0,13354.0,14050.0,340942,VND
2010-05-11,13063.0,14805.0,13063.0,14370.0,425479,VND
2010-05-12,14949.0,14949.0,13590.0,14248.0,448727,VND
2010-05-13,14467.0,14686.0,13678.0,14248.0,108718,VND
2010-05-14,14204.0,14248.0,13809.0,13897.0,51295,VND
2010-05-17,13809.0,13809.0,12976.0,13590.0,83670,VND
2010-05-18,13152.0,13327.0,12670.0,12713.0,123906,VND
2010-05-19,12494.0,12801.0,12012.0,12012.0,87134,VND
2010-05-20,11486.0,12319.0,11311.0,12056.0,51827,VND
2010-05-21,11179.0,11749.0,11004.0,11311.0,88067,VND
2010-05-24,11705.0,11705.0,11267.0,11311.0,38504,VND
2010-05-25,11398.0,11398.0,11179.0,11267.0,32242,VND
2010-05-26,11574.0,12012.0,11574.0,12012.0,70347,VND
2010-05-27,12494.0,12757.0,12056.0,12757.0,129502,VND
2010-05-28,13152.0,13546.0,12713.0,13152.0,78074,VND
2010-05-31,13590.0,13590.0,12275.0,12275.0,26247,VND
2010-06-01,12713.0,12713.0,11880.0,12450.0,50229,VND
2010-06-02,12933.0,13283.0,11793.0,13283.0,217302,VND
2010-06-03,13941.0,13941.0,13941.0,13941.0,411023,VND
2010-06-04,14029.0,14905.0,14029.0,14818.0,296176,VND
2010-06-07,13766.0,13809.0,13766.0,13766.0,142159,VND
2010-06-08,13590.0,13941.0,12976.0,13941.0,52360,VND
2010-06-09,13459.0,14248.0,12582.0,12582.0,122974,VND
2010-06-10,12845.0,13634.0,12845.0,13634.0,68482,VND
2010-06-11,14029.0,14029.0,13239.0,13327.0,49163,VND
2010-06-14,13371.0,14335.0,13371.0,14335.0,262202,VND
2010-06-15,15081.0,15081.0,14905.0,15081.0,618466,VND
2010-06-16,16133.0,16133.0,16001.0,16133.0,373451,VND
2010-06-17,16133.0,16878.0,15344.0,15344.0,223031,VND
2010-06-18,15344.0,16659.0,14949.0,15914.0,285518,VND
2010-06-21,16571.0,16571.0,14993.0,16001.0,337212,VND
2010-06-22,16001.0,16221.0,15344.0,15519.0,196785,VND
2010-06-23,15651.0,15651.0,15168.0,15519.0,87534,VND
2010-06-24,15475.0,16527.0,15344.0,16527.0,665097,VND
2010-06-25,16527.0,16527.0,15738.0,16221.0,268730,VND
2010-06-28,15782.0,16440.0,15782.0,15957.0,87667,VND
2010-06-29,16352.0,16396.0,15782.0,16045.0,46765,VND
2010-06-30,15125.0,15782.0,14905.0,14949.0,133499,VND
2010-07-01,15168.0,15256.0,14467.0,14555.0,109650,VND
2010-07-02,14335.0,14905.0,14335.0,14423.0,51827,VND
2010-07-05,14555.0,14555.0,14029.0,14292.0,37438,VND
2010-07-06,14029.0,14248.0,13809.0,13897.0,186392,VND
2010-07-07,14248.0,14862.0,13678.0,14160.0,167340,VND
2010-07-08,14160.0,14423.0,13678.0,14029.0,119376,VND
2010-07-09,14029.0,14686.0,13590.0,14511.0,157881,VND
2010-07-12,14292.0,15081.0,14072.0,14905.0,156282,VND
2010-07-13,14905.0,15651.0,14905.0,15607.0,314429,VND
2010-07-14,15782.0,15782.0,14949.0,14993.0,121242,VND
2010-07-15,15344.0,16308.0,15344.0,15651.0,206910,VND
2010-07-16,15563.0,15607.0,14993.0,15037.0,181196,VND
2010-07-19,15344.0,15344.0,14818.0,15212.0,178665,VND
2010-07-20,15344.0,16133.0,15344.0,16133.0,1901896,VND
2010-07-21,16001.0,17097.0,15388.0,15431.0,252076,VND
2010-07-22,16089.0,16089.0,14949.0,15168.0,122707,VND
2010-07-23,15563.0,15563.0,14993.0,15212.0,115379,VND
2010-07-26,15125.0,15125.0,14072.0,14160.0,411023,VND
2010-07-27,14204.0,14686.0,14204.0,14467.0,185460,VND
2010-07-28,14686.0,14686.0,13634.0,13897.0,232091,VND
2010-07-29,14467.0,14467.0,13590.0,14029.0,143092,VND
2010-07-30,14292.0,14379.0,13809.0,13985.0,173869,VND
2010-08-02,14248.0,14467.0,13678.0,13853.0,138162,VND
2010-08-03,13809.0,13941.0,13371.0,13546.0,156282,VND
2010-08-04,13152.0,13152.0,12757.0,12889.0,308833,VND
2010-08-05,13108.0,13152.0,12582.0,12889.0,158147,VND
2010-08-06,12889.0,12889.0,12275.0,12494.0,125772,VND
2010-08-09,12626.0,12626.0,11617.0,11661.0,210508,VND
2010-08-10,11047.0,11311.0,10872.0,10916.0,343207,VND
2010-08-11,10916.0,11442.0,10215.0,11223.0,144957,VND
2010-08-12,10960.0,11267.0,10302.0,10565.0,257938,VND
2010-08-13,10083.0,11223.0,10083.0,11223.0,189856,VND
2010-08-16,11398.0,11617.0,11398.0,11617.0,77008,VND
2010-08-17,12275.0,12275.0,11442.0,12056.0,357330,VND
2010-08-18,11486.0,12012.0,11398.0,11617.0,161478,VND
2010-08-19,11398.0,11793.0,11354.0,11530.0,220900,VND
2010-08-20,11354.0,11968.0,10916.0,11398.0,152152,VND
2010-08-23,10960.0,10960.0,10521.0,10565.0,159613,VND
2010-08-24,10127.0,10127.0,9908.0,9908.0,248079,VND
2010-08-25,9469.0,9864.0,9338.0,9425.0,271661,VND
2010-08-26,9864.0,10039.0,8943.0,9557.0,125372,VND
2010-08-27,9645.0,9645.0,9206.0,9469.0,129902,VND
2010-08-30,10127.0,10171.0,10083.0,10171.0,116712,VND
2010-08-31,10872.0,10872.0,9732.0,10872.0,262602,VND
2010-09-01,11223.0,11530.0,10741.0,11486.0,231558,VND
2010-09-06,11837.0,12100.0,11837.0,12100.0,415686,VND
2010-09-07,11837.0,12100.0,11354.0,11661.0,252476,VND
2010-09-08,11047.0,11398.0,10828.0,11091.0,222498,VND
2010-09-09,11398.0,11837.0,11398.0,11837.0,575432,VND
2010-09-10,12538.0,12582.0,11398.0,11837.0,1110227,VND
2010-09-13,11746.0,12379.0,11611.0,11746.0,318826,VND
2010-09-14,12198.0,12198.0,11656.0,11972.0,131900,VND
2010-09-15,11927.0,12198.0,11294.0,11385.0,177466,VND
2010-09-16,11294.0,11701.0,11114.0,11294.0,299773,VND
2010-09-17,10933.0,12198.0,10662.0,12198.0,418084,VND
2010-09-20,12424.0,12785.0,11837.0,11972.0,356531,VND
2010-09-21,11746.0,12108.0,11430.0,11701.0,314429,VND
2010-09-22,11882.0,11972.0,11520.0,11566.0,119110,VND
2010-09-23,11249.0,11656.0,10933.0,11204.0,296043,VND
2010-09-24,11294.0,11566.0,11159.0,11204.0,122707,VND
2010-09-27,11294.0,11294.0,11069.0,11204.0,155616,VND
2010-09-28,11746.0,11746.0,11159.0,11159.0,227561,VND
2010-09-29,11249.0,11294.0,10572.0,10662.0,242483,VND
2010-09-30,11069.0,11069.0,10481.0,10843.0,80473,VND
2010-10-01,10843.0,11069.0,10572.0,10617.0,126038,VND
2010-10-04,10301.0,10301.0,9984.0,10255.0,316561,VND
2010-10-05,10075.0,10301.0,9758.0,10075.0,192921,VND
2010-10-06,10165.0,10617.0,10165.0,10617.0,153750,VND
2010-10-07,10843.0,10843.0,10165.0,10165.0,80473,VND
2010-10-08,9804.0,10255.0,9804.0,9894.0,102456,VND
2010-10-11,9939.0,10029.0,9623.0,9849.0,111516,VND
2010-10-12,9713.0,9939.0,9578.0,9668.0,128170,VND
2010-10-13,9849.0,10120.0,9758.0,10120.0,126171,VND
2010-10-14,10210.0,10210.0,9894.0,9894.0,46365,VND
2010-10-15,10075.0,10165.0,9758.0,9939.0,55025,VND
2010-10-18,9894.0,10075.0,9533.0,10075.0,106186,VND
2010-10-19,9713.0,9713.0,9216.0,9623.0,145490,VND
2010-10-20,9261.0,9397.0,8810.0,8810.0,224364,VND
2010-10-21,9216.0,9307.0,8674.0,8900.0,98059,VND
2010-10-22,9036.0,9171.0,8539.0,8584.0,130834,VND
2010-10-25,8493.0,8629.0,8132.0,8584.0,103122,VND
2010-10-26,8493.0,8900.0,8493.0,8900.0,166274,VND
2010-10-27,9487.0,9487.0,8719.0,8900.0,201314,VND
2010-10-28,9036.0,9126.0,8810.0,8810.0,65284,VND
2010-10-29,8945.0,9036.0,8855.0,8990.0,50362,VND
2010-11-01,8945.0,9081.0,8855.0,8855.0,107652,VND
2010-11-02,8855.0,8855.0,8584.0,8674.0,73811,VND
2010-11-03,8584.0,8629.0,8222.0,8448.0,162944,VND
2010-11-04,8629.0,8719.0,8132.0,8403.0,102189,VND
2010-11-05,8448.0,8810.0,8448.0,8810.0,145756,VND
2010-11-08,8719.0,8719.0,8403.0,8403.0,65151,VND
2010-11-09,8358.0,8358.0,8132.0,8132.0,82471,VND
2010-11-10,8358.0,8358.0,8132.0,8222.0,66483,VND
2010-11-11,8222.0,8222.0,7861.0,7996.0,58756,VND
2010-11-12,7771.0,7771.0,7545.0,7590.0,199582,VND
2010-11-15,7680.0,7680.0,7228.0,7228.0,65417,VND
2010-11-16,7138.0,7228.0,6957.0,7138.0,77541,VND
2010-11-17,7454.0,7454.0,7093.0,7228.0,43167,VND
2010-11-18,7545.0,7590.0,7274.0,7454.0,56491,VND
2010-11-19,7454.0,7454.0,7003.0,7048.0,50229,VND
2010-11-22,7048.0,7048.0,6777.0,6867.0,52760,VND
2010-11-23,7138.0,7138.0,6912.0,7003.0,19452,VND
2010-11-24,6957.0,7138.0,6867.0,6912.0,38637,VND
2010-11-25,7138.0,7409.0,7138.0,7409.0,194653,VND
2010-11-26,7635.0,7861.0,7409.0,7725.0,221033,VND
2010-11-29,7454.0,8087.0,7454.0,8087.0,193454,VND
2010-11-30,8448.0,8448.0,8358.0,8448.0,93130,VND
2010-12-01,8132.0,9036.0,7996.0,8493.0,519874,VND
2010-12-02,8810.0,9352.0,8358.0,9352.0,431807,VND
2010-12-03,9713.0,9713.0,9623.0,9713.0,220234,VND
2010-12-06,10346.0,10391.0,9713.0,9939.0,391704,VND
2010-12-07,9849.0,10301.0,9623.0,9623.0,370387,VND
2010-12-08,9261.0,9487.0,9081.0,9081.0,358129,VND
2010-12-09,8584.0,9352.0,8539.0,9036.0,179198,VND
2010-12-10,9397.0,9487.0,9036.0,9487.0,221566,VND
2010-12-13,10075.0,10075.0,10075.0,10075.0,129102,VND
2010-12-14,10752.0,10752.0,9623.0,10165.0,737443,VND
2010-12-15,9849.0,11023.0,9849.0,10165.0,204379,VND
2010-12-16,10165.0,10165.0,9623.0,9623.0,275392,VND
2010-12-17,9939.0,10346.0,9668.0,10165.0,282986,VND
2010-12-20,9984.0,10301.0,9713.0,9713.0,84869,VND
2010-12-21,9533.0,9668.0,9307.0,9397.0,235689,VND
2010-12-22,9487.0,9487.0,9036.0,9036.0,49296,VND
2010-12-23,8810.0,8945.0,8719.0,8855.0,115912,VND
2010-12-24,9036.0,9126.0,8629.0,8810.0,80872,VND
2010-12-27,8763.0,9088.0,8763.0,8949.0,17986,VND
2010-12-28,9273.0,9644.0,9088.0,9644.0,200382,VND
2010-12-29,9969.0,10062.0,9459.0,9505.0,32908,VND
2010-12-30,9412.0,9412.0,9088.0,9088.0,37438,VND
2010-12-31,9273.0,9459.0,9181.0,9181.0,43834,VND
2011-01-04,9691.0,9691.0,9366.0,9366.0,11991,VND
2011-01-05,9134.0,9134.0,8949.0,8949.0,30377,VND
2011-01-06,8810.0,8949.0,8717.0,8902.0,42901,VND
2011-01-07,8810.0,8902.0,8392.0,8810.0,47964,VND
2011-01-10,8717.0,8717.0,8161.0,8253.0,71279,VND
2011-01-11,8068.0,8439.0,8068.0,8207.0,75143,VND
2011-01-12,8346.0,8578.0,8300.0,8346.0,35973,VND
2011-01-13,8485.0,8485.0,8392.0,8392.0,31443,VND
2011-01-14,8578.0,8671.0,8439.0,8624.0,39037,VND
2011-01-17,8902.0,8902.0,8578.0,8717.0,92197,VND
2011-01-18,8995.0,8995.0,8253.0,8253.0,23449,VND
2011-01-19,8485.0,8485.0,8300.0,8346.0,32775,VND
2011-01-20,8253.0,8439.0,8253.0,8346.0,34374,VND
2011-01-21,8949.0,8949.0,8624.0,8624.0,137496,VND
2011-01-24,8346.0,8346.0,8161.0,8161.0,78607,VND
2011-01-25,8578.0,8578.0,8068.0,8068.0,22250,VND
2011-01-26,8346.0,8346.0,8161.0,8161.0,22383,VND
2011-01-27,8207.0,8392.0,8207.0,8346.0,59821,VND
2011-01-28,8439.0,8439.0,8300.0,8346.0,63552,VND
2011-02-08,8392.0,8392.0,8253.0,8253.0,18253,VND
2011-02-09,8485.0,8531.0,8300.0,8300.0,13723,VND
2011-02-10,8346.0,8346.0,8114.0,8207.0,40503,VND
2011-02-11,8346.0,8346.0,8161.0,8161.0,18120,VND
2011-02-14,8253.0,8253.0,8161.0,8161.0,34640,VND
2011-02-15,8346.0,8346.0,8207.0,8207.0,5862,VND
2011-02-16,8068.0,8161.0,8021.0,8068.0,10792,VND
2011-02-17,7882.0,8021.0,7790.0,7790.0,26380,VND
2011-02-18,7743.0,7743.0,7372.0,7372.0,163876,VND
2011-02-21,6909.0,7048.0,6909.0,6909.0,117511,VND
2011-02-22,6770.0,6955.0,6723.0,6909.0,93663,VND
2011-02-23,6955.0,7094.0,6909.0,7094.0,17720,VND
2011-02-24,6909.0,6909.0,6584.0,6816.0,85935,VND
2011-02-25,6862.0,7187.0,6770.0,7187.0,137230,VND
2011-02-28,7187.0,7465.0,7094.0,7094.0,77008,VND
2011-03-01,7094.0,7187.0,6955.0,7001.0,49296,VND
2011-03-02,7094.0,7094.0,6584.0,6584.0,99125,VND
2011-03-03,6584.0,6584.0,6260.0,6399.0,54892,VND
2011-03-04,6399.0,6399.0,6399.0,6399.0,7061,VND
2011-03-07,6445.0,6445.0,6306.0,6399.0,9193,VND
2011-03-08,6491.0,6491.0,6213.0,6260.0,38105,VND
2011-03-09,6352.0,6399.0,5889.0,5889.0,96194,VND
2011-03-10,6213.0,6399.0,6213.0,6399.0,81805,VND
2011-03-11,6723.0,6770.0,6723.0,6770.0,27046,VND
2011-03-14,7094.0,7187.0,6491.0,6770.0,76209,VND
2011-03-15,6399.0,6816.0,6399.0,6723.0,46098,VND
2011-03-16,6677.0,6677.0,6306.0,6491.0,79940,VND
2011-03-17,6399.0,6677.0,6352.0,6491.0,50762,VND
2011-03-18,6445.0,6862.0,6445.0,6862.0,196785,VND
2011-03-21,7233.0,7233.0,6770.0,6862.0,192654,VND
2011-03-22,6816.0,6955.0,6630.0,6677.0,86068,VND
2011-03-23,6677.0,6955.0,6677.0,6955.0,34374,VND
2011-03-24,7001.0,7048.0,6723.0,6770.0,81805,VND
2011-03-25,6630.0,6955.0,6630.0,6723.0,35573,VND
2011-03-28,6723.0,6723.0,6538.0,6584.0,69414,VND
2011-03-29,6538.0,6584.0,6399.0,6491.0,61154,VND
2011-03-30,6306.0,6445.0,6260.0,6399.0,45432,VND
2011-03-31,6445.0,6445.0,6213.0,6260.0,31310,VND
2011-04-01,6445.0,6445.0,6306.0,6352.0,14389,VND
2011-04-04,6399.0,6399.0,6260.0,6260.0,17320,VND
2011-04-05,6306.0,6491.0,6306.0,6352.0,53293,VND
2011-04-06,6399.0,6630.0,6399.0,6538.0,47564,VND
2011-04-07,6491.0,6538.0,6306.0,6399.0,17187,VND
2011-04-08,6491.0,6862.0,6445.0,6630.0,218368,VND
2011-04-13,6677.0,6955.0,6538.0,6538.0,322156,VND
2011-04-14,6723.0,6770.0,6491.0,6584.0,20251,VND
2011-04-15,6630.0,6630.0,6352.0,6399.0,101523,VND
2011-04-18,6306.0,6306.0,5981.0,6028.0,77008,VND
2011-04-19,6074.0,6120.0,5889.0,5889.0,63685,VND
2011-04-20,5981.0,6074.0,5981.0,6074.0,42102,VND
2011-04-21,5981.0,6213.0,5981.0,5981.0,10659,VND
2011-04-22,5796.0,6213.0,5749.0,5842.0,70214,VND
2011-04-25,6213.0,6213.0,6074.0,6213.0,84203,VND
2011-04-26,6260.0,6260.0,5796.0,5796.0,37438,VND
2011-04-27,6028.0,6028.0,5935.0,6028.0,44633,VND
2011-04-28,6028.0,6120.0,5935.0,6028.0,27313,VND
2011-04-29,6028.0,6120.0,6028.0,6120.0,37039,VND
2011-05-04,6028.0,6028.0,5935.0,6028.0,41435,VND
2011-05-05,6028.0,6028.0,5796.0,5796.0,11858,VND
2011-05-06,5935.0,6028.0,5796.0,5935.0,102056,VND
2011-05-09,6167.0,6167.0,6028.0,6028.0,15588,VND
2011-05-10,6074.0,6120.0,5935.0,5981.0,59688,VND
2011-05-11,5564.0,6028.0,5564.0,5935.0,28512,VND
2011-05-12,5935.0,6028.0,5842.0,5981.0,60088,VND
2011-05-13,5981.0,5981.0,5889.0,5889.0,20385,VND
2011-05-16,5889.0,5889.0,5749.0,5749.0,40103,VND
2011-05-17,5749.0,5749.0,5518.0,5564.0,44500,VND
2011-05-18,5471.0,5564.0,5471.0,5518.0,30644,VND
2011-05-19,5614.0,5711.0,5276.0,5566.0,48230,VND
2011-05-20,5324.0,5566.0,5324.0,5324.0,30644,VND
2011-05-23,5324.0,5324.0,4985.0,4985.0,70080,VND
2011-05-24,4840.0,4985.0,4646.0,4646.0,118977,VND
2011-05-25,4356.0,4646.0,4356.0,4501.0,108052,VND
2011-05-26,4598.0,4743.0,4501.0,4743.0,55558,VND
2011-05-27,4888.0,4937.0,4840.0,4937.0,97260,VND
2011-05-30,5276.0,5276.0,4792.0,4937.0,22916,VND
2011-05-31,4792.0,4792.0,4695.0,4792.0,15721,VND
2011-06-01,4792.0,5034.0,4792.0,5034.0,109650,VND
2011-06-02,5324.0,5372.0,5324.0,5372.0,187858,VND
2011-06-03,5614.0,5711.0,5276.0,5469.0,139628,VND
2011-06-06,5227.0,5518.0,5227.0,5421.0,3731,VND
2011-06-07,4985.0,5663.0,4985.0,5663.0,89799,VND
2011-06-08,5808.0,5808.0,5518.0,5663.0,72079,VND
2011-06-09,5324.0,6050.0,5324.0,6050.0,129102,VND
2011-06-10,6195.0,6244.0,6147.0,6244.0,294178,VND
2011-06-13,6534.0,6679.0,6292.0,6679.0,428210,VND
2011-06-14,6776.0,6921.0,6340.0,6389.0,184794,VND
2011-06-15,6147.0,6244.0,6147.0,6147.0,129236,VND
2011-06-16,5905.0,6195.0,5905.0,5905.0,197984,VND
2011-06-17,5808.0,5808.0,5614.0,5614.0,295776,VND
2011-06-20,5614.0,5614.0,5324.0,5324.0,69015,VND
2011-06-21,5469.0,5663.0,5469.0,5663.0,60354,VND
2011-06-22,5711.0,5808.0,5614.0,5614.0,25714,VND
2011-06-23,5711.0,5711.0,5421.0,5421.0,35573,VND
2011-06-24,5518.0,5663.0,5518.0,5566.0,11991,VND
2011-06-27,5469.0,5711.0,5469.0,5518.0,10792,VND
2011-06-28,5324.0,5711.0,5324.0,5421.0,21983,VND
2011-06-29,5130.0,5566.0,5130.0,5324.0,27046,VND
2011-06-30,5227.0,5324.0,5130.0,5179.0,54892,VND
2011-07-01,4888.0,4985.0,4840.0,4840.0,131501,VND
2011-07-04,4550.0,4840.0,4550.0,4840.0,25980,VND
2011-07-05,4453.0,4985.0,4453.0,4985.0,44633,VND
2011-07-06,5227.0,5227.0,4840.0,4937.0,10126,VND
2011-07-07,4937.0,4985.0,4840.0,4937.0,18786,VND
2011-07-08,4985.0,4985.0,4792.0,4985.0,9460,VND
2011-07-11,4792.0,4888.0,4792.0,4888.0,12391,VND
2011-07-12,4840.0,4937.0,4792.0,4937.0,9460,VND
2011-07-13,5034.0,5034.0,4888.0,4937.0,41835,VND
2011-07-14,4888.0,5082.0,4888.0,5034.0,9726,VND
2011-07-15,5082.0,5082.0,4937.0,4937.0,5729,VND
2011-07-18,4937.0,4985.0,4937.0,4937.0,16921,VND
2011-07-19,4888.0,4888.0,4840.0,4888.0,14123,VND
2011-07-20,4937.0,4985.0,4888.0,4985.0,28379,VND
2011-07-21,4937.0,4937.0,4840.0,4840.0,38771,VND
2011-07-22,4840.0,4840.0,4840.0,4840.0,11325,VND
2011-07-25,5034.0,5034.0,4840.0,4840.0,18919,VND
2011-07-26,4792.0,4840.0,4792.0,4792.0,29178,VND
2011-07-27,4792.0,4840.0,4792.0,4792.0,16388,VND
2011-07-28,4888.0,4888.0,4840.0,4840.0,30244,VND
2011-07-29,4888.0,4888.0,4792.0,4792.0,28911,VND
2011-08-01,4792.0,4792.0,4646.0,4792.0,82871,VND
2011-08-02,4792.0,4792.0,4646.0,4743.0,57024,VND
2011-08-03,4743.0,4792.0,4646.0,4792.0,39170,VND
2011-08-04,4888.0,5034.0,4888.0,4985.0,15855,VND
2011-08-05,4888.0,4937.0,4888.0,4888.0,21317,VND
2011-08-08,4646.0,4743.0,4646.0,4743.0,7061,VND
2011-08-09,4598.0,4695.0,4453.0,4550.0,31176,VND
2011-08-10,4792.0,4792.0,4743.0,4792.0,10525,VND
2011-08-11,4550.0,4792.0,4550.0,4792.0,11591,VND
2011-08-12,4695.0,4695.0,4598.0,4646.0,12657,VND
2011-08-15,4743.0,4743.0,4453.0,4453.0,6262,VND
2011-08-16,4646.0,4646.0,4598.0,4598.0,16254,VND
2011-08-17,4598.0,4888.0,4598.0,4743.0,34907,VND
2011-08-18,4840.0,4888.0,4695.0,4695.0,64351,VND
2011-08-19,4550.0,4695.0,4501.0,4695.0,11858,VND
2011-08-22,4840.0,4888.0,4840.0,4888.0,62220,VND
2011-08-23,5130.0,5130.0,4743.0,4743.0,11325,VND
2011-08-24,4985.0,4985.0,4695.0,4695.0,28911,VND
2011-08-25,4840.0,4937.0,4743.0,4840.0,23982,VND
2011-08-26,4840.0,4888.0,4743.0,4792.0,27446,VND
2011-08-29,4888.0,5082.0,4840.0,5082.0,70613,VND
2011-08-30,5324.0,5372.0,5179.0,5227.0,90332,VND
2011-08-31,5082.0,5372.0,5082.0,5082.0,84336,VND
2011-09-01,5276.0,5469.0,5276.0,5469.0,30644,VND
2011-09-05,5372.0,5372.0,5130.0,5276.0,33042,VND
2011-09-06,5082.0,5130.0,4985.0,5034.0,62486,VND
2011-09-07,5276.0,5324.0,5082.0,5276.0,81405,VND
2011-09-08,5518.0,5518.0,5372.0,5518.0,266066,VND
2011-09-09,5663.0,5663.0,5421.0,5518.0,54226,VND
2011-09-12,5566.0,5953.0,5566.0,5760.0,193454,VND
2011-09-13,5808.0,6098.0,5760.0,6050.0,162277,VND
2011-09-14,5808.0,5856.0,5614.0,5614.0,132167,VND
2011-09-15,5372.0,5614.0,5372.0,5469.0,76076,VND
2011-09-16,5421.0,5421.0,5179.0,5227.0,111649,VND
2011-09-19,5276.0,5324.0,5179.0,5324.0,14123,VND
2011-09-20,5179.0,5179.0,5130.0,5179.0,23715,VND
2011-09-21,5276.0,5421.0,5227.0,5372.0,75410,VND
2011-09-22,5518.0,5518.0,5324.0,5372.0,28645,VND
2011-09-23,5227.0,5324.0,5130.0,5276.0,58223,VND
2011-09-26,5276.0,5324.0,5179.0,5179.0,58622,VND
2011-09-27,5179.0,5227.0,5082.0,5227.0,17986,VND
2011-09-28,4840.0,5227.0,4840.0,5179.0,19585,VND
2011-09-29,5082.0,5082.0,5034.0,5082.0,34108,VND
2011-09-30,5082.0,5179.0,4937.0,5082.0,26114,VND
2011-10-03,5130.0,5130.0,4840.0,4888.0,25314,VND
2011-10-04,5227.0,5227.0,4888.0,5034.0,12790,VND
2011-10-05,5082.0,5276.0,5034.0,5034.0,21051,VND
2011-10-06,5130.0,5130.0,5082.0,5130.0,26247,VND
2011-10-07,5082.0,5130.0,4985.0,4985.0,33974,VND
2011-10-10,5034.0,5034.0,4937.0,4985.0,16388,VND
2011-10-11,4937.0,4985.0,4937.0,4985.0,31310,VND
2011-10-12,4888.0,4937.0,4840.0,4840.0,36905,VND
2011-10-13,4888.0,4937.0,4840.0,4937.0,31443,VND
2011-10-14,4985.0,5082.0,4985.0,4985.0,12924,VND
2011-10-17,4888.0,4888.0,4840.0,4888.0,27979,VND
2011-10-18,4840.0,4888.0,4840.0,4888.0,5862,VND
2011-10-19,4550.0,5082.0,4550.0,4888.0,89532,VND
2011-10-20,4888.0,4888.0,4888.0,4888.0,23182,VND
2011-10-21,5082.0,5082.0,4937.0,4937.0,9992,VND
2011-10-24,4646.0,5179.0,4646.0,4985.0,12257,VND
2011-10-25,4646.0,5034.0,4646.0,4888.0,120043,VND
2011-10-26,4743.0,4937.0,4743.0,4937.0,34241,VND
2011-10-27,4840.0,4937.0,4840.0,4840.0,25581,VND
2011-10-28,4985.0,5227.0,4985.0,5227.0,81538,VND
2011-10-31,5421.0,5469.0,5179.0,5179.0,45965,VND
2011-11-01,5082.0,5130.0,4985.0,4985.0,41702,VND
2011-11-02,5034.0,5082.0,4840.0,4888.0,83270,VND
2011-11-03,4888.0,4888.0,4550.0,4840.0,58756,VND
2011-11-04,4743.0,4937.0,4695.0,4743.0,39437,VND
2011-11-07,4695.0,4743.0,4695.0,4743.0,19452,VND
2011-11-08,4743.0,4743.0,4695.0,4743.0,36506,VND
2011-11-09,4937.0,4937.0,4743.0,4743.0,10259,VND
2011-11-10,4792.0,4792.0,4695.0,4743.0,25581,VND
2011-11-11,4792.0,4792.0,4695.0,4792.0,24781,VND
2011-11-14,4646.0,4646.0,4453.0,4453.0,37305,VND
2011-11-15,4598.0,4598.0,4501.0,4501.0,40103,VND
2011-11-16,4646.0,4743.0,4598.0,4743.0,39970,VND
2011-11-17,4646.0,4695.0,4550.0,4695.0,32775,VND
2011-11-18,4646.0,4743.0,4646.0,4695.0,14389,VND
2011-11-21,4453.0,4743.0,4404.0,4743.0,19452,VND
2011-11-22,4840.0,4840.0,4453.0,4453.0,19985,VND
2011-11-23,4792.0,4840.0,4743.0,4792.0,11991,VND
2011-11-24,4598.0,4792.0,4501.0,4695.0,38504,VND
2011-11-25,4646.0,4743.0,4453.0,4598.0,25447,VND
2011-11-28,4743.0,4792.0,4743.0,4792.0,4263,VND
2011-11-29,4792.0,4888.0,4501.0,4501.0,70480,VND
2011-11-30,4259.0,4646.0,4259.0,4550.0,22783,VND
2011-12-01,4550.0,4598.0,4550.0,4598.0,6262,VND
2011-12-02,4598.0,4695.0,4598.0,4695.0,17320,VND
2011-12-05,4743.0,4888.0,4646.0,4888.0,47164,VND
2011-12-06,4598.0,4598.0,4598.0,4598.0,15988,VND
2011-12-07,4646.0,4743.0,4646.0,4743.0,13323,VND
2011-12-08,4550.0,4743.0,4550.0,4743.0,13323,VND
2011-12-09,4646.0,4743.0,4598.0,4598.0,24915,VND
2011-12-12,4598.0,4646.0,4453.0,4646.0,17453,VND
2011-12-13,4501.0,4550.0,4501.0,4501.0,4130,VND
2011-12-14,4404.0,4646.0,4356.0,4646.0,16121,VND
2011-12-15,4211.0,4501.0,4162.0,4501.0,29311,VND
2011-12-16,4550.0,4550.0,4550.0,4550.0,266,VND
2011-12-19,4550.0,4550.0,4550.0,4550.0,4663,VND
2011-12-20,4259.0,4501.0,4259.0,4453.0,33042,VND
2011-12-21,4453.0,4501.0,4211.0,4501.0,3464,VND
2011-12-22,4066.0,4550.0,4066.0,4404.0,15322,VND
2011-12-23,4114.0,4114.0,4066.0,4066.0,14922,VND
2011-12-26,4211.0,4259.0,4211.0,4259.0,1332,VND
2011-12-27,3969.0,4453.0,3969.0,4453.0,31576,VND
2011-12-28,4399.0,4399.0,4236.0,4344.0,21584,VND
2011-12-29,4073.0,4453.0,4073.0,4453.0,53693,VND
2011-12-30,4507.0,4561.0,4507.0,4561.0,32109,VND
2012-01-03,4833.0,4833.0,4833.0,4833.0,2665,VND
2012-01-04,4833.0,4887.0,4833.0,4887.0,3997,VND
2012-01-05,4561.0,4942.0,4561.0,4942.0,17187,VND
2012-01-06,4833.0,4942.0,4833.0,4942.0,10659,VND
2012-01-09,4670.0,4887.0,4670.0,4887.0,13989,VND
2012-01-10,4887.0,4942.0,4724.0,4779.0,6262,VND
2012-01-11,4833.0,4887.0,4561.0,4561.0,11591,VND
2012-01-12,4779.0,4887.0,4399.0,4399.0,15322,VND
2012-01-13,4833.0,4887.0,4344.0,4779.0,26780,VND
2012-01-16,4724.0,4779.0,4670.0,4670.0,18653,VND
2012-01-17,4724.0,4887.0,4724.0,4887.0,23982,VND
2012-01-18,4779.0,4779.0,4779.0,4779.0,2665,VND
2012-01-19,4779.0,4887.0,4779.0,4779.0,18653,VND
2012-01-20,4942.0,4942.0,4942.0,4942.0,19985,VND
2012-01-30,4887.0,4942.0,4887.0,4887.0,25314,VND
2012-01-31,4887.0,4942.0,4887.0,4887.0,21717,VND
2012-02-02,4887.0,4887.0,4616.0,4616.0,72612,VND
2012-02-03,4779.0,4887.0,4561.0,4561.0,31976,VND
2012-02-06,4942.0,5050.0,4942.0,4942.0,31843,VND
2012-02-07,4996.0,4996.0,4616.0,4833.0,32509,VND
2012-02-08,4833.0,4833.0,4833.0,4833.0,533,VND
2012-02-09,4942.0,4942.0,4670.0,4670.0,5463,VND
2012-02-13,4507.0,4507.0,4507.0,4507.0,22516,VND
2012-02-14,4453.0,4724.0,4453.0,4724.0,18253,VND
2012-02-15,4561.0,4561.0,4344.0,4507.0,7061,VND
2012-02-16,4561.0,4561.0,4561.0,4561.0,133,VND
2012-02-17,4399.0,4507.0,4290.0,4507.0,16654,VND
2012-02-20,4670.0,4670.0,4399.0,4561.0,44366,VND
2012-02-21,4670.0,4670.0,4236.0,4236.0,37572,VND
2012-02-22,4453.0,4616.0,4399.0,4561.0,77142,VND
2012-02-23,4616.0,4779.0,4616.0,4779.0,244349,VND
2012-02-24,4887.0,4996.0,4779.0,4833.0,164809,VND
2012-02-27,4779.0,4942.0,4724.0,4942.0,278723,VND
2012-02-28,5104.0,5104.0,4670.0,4724.0,170005,VND
2012-02-29,4724.0,4833.0,4561.0,4779.0,108984,VND
2012-03-01,4616.0,4779.0,4616.0,4724.0,83270,VND
2012-03-02,4724.0,4833.0,4670.0,4833.0,223431,VND
2012-03-05,4833.0,5104.0,4833.0,5104.0,164942,VND
2012-03-06,5322.0,5322.0,4779.0,4942.0,313896,VND
2012-03-07,4887.0,4887.0,4561.0,4670.0,306035,VND
2012-03-08,4561.0,4887.0,4507.0,4887.0,176666,VND
2012-03-09,5050.0,5159.0,4942.0,5159.0,450326,VND
2012-03-12,5104.0,5104.0,4779.0,4779.0,112448,VND
2012-03-13,4833.0,4887.0,4724.0,4887.0,69681,VND
2012-03-14,4887.0,4887.0,4670.0,4670.0,96327,VND
2012-03-15,4616.0,4996.0,4561.0,4996.0,240218,VND
2012-03-16,4996.0,4996.0,4833.0,4833.0,246081,VND
2012-03-19,4724.0,4887.0,4670.0,4779.0,83803,VND
2012-03-20,4833.0,4942.0,4670.0,4942.0,181596,VND
2012-03-21,4996.0,5050.0,4942.0,4996.0,294977,VND
2012-03-22,4887.0,5104.0,4887.0,5050.0,206377,VND
2012-03-23,5050.0,5213.0,4996.0,5213.0,420349,VND
2012-03-26,5213.0,5430.0,5104.0,5430.0,508549,VND
2012-03-27,5593.0,5593.0,5050.0,5050.0,218901,VND
2012-03-28,5050.0,5104.0,4779.0,4996.0,241950,VND
2012-03-29,5213.0,5213.0,4779.0,4833.0,189856,VND
2012-03-30,4833.0,4833.0,4670.0,4833.0,134432,VND
2012-04-03,4833.0,4942.0,4670.0,4833.0,115646,VND
2012-04-04,4833.0,4833.0,4670.0,4724.0,116712,VND
2012-04-05,4616.0,4833.0,4561.0,4724.0,98992,VND
2012-04-06,4779.0,4833.0,4670.0,4670.0,43167,VND
2012-04-09,4833.0,4996.0,4724.0,4942.0,150553,VND
2012-04-10,4942.0,4942.0,4833.0,4833.0,81005,VND
2012-04-11,4996.0,5159.0,4887.0,5159.0,346938,VND
2012-04-12,5430.0,5485.0,5376.0,5485.0,537327,VND
2012-04-13,5648.0,5648.0,5159.0,5267.0,224097,VND
2012-04-16,5267.0,5593.0,5159.0,5593.0,250477,VND
2012-04-17,5485.0,5648.0,5376.0,5539.0,195852,VND
2012-04-18,5430.0,5756.0,5376.0,5539.0,336945,VND
2012-04-19,5485.0,5539.0,5213.0,5267.0,225829,VND
2012-04-20,5267.0,5593.0,5159.0,5593.0,323889,VND
2012-04-23,5810.0,5973.0,5756.0,5973.0,629791,VND
2012-04-24,5973.0,6299.0,5810.0,6299.0,372785,VND
2012-04-25,6516.0,6734.0,6516.0,6734.0,364524,VND
2012-04-26,7005.0,7168.0,6951.0,7168.0,900120,VND
2012-04-27,7548.0,7602.0,7005.0,7385.0,310565,VND
2012-05-02,7385.0,7385.0,6842.0,6896.0,346538,VND
2012-05-03,7222.0,7222.0,6571.0,7168.0,271128,VND
2012-05-04,7222.0,7439.0,7059.0,7331.0,314562,VND
2012-05-07,7222.0,7494.0,7059.0,7439.0,425412,VND
2012-05-08,7439.0,7494.0,7168.0,7168.0,403562,VND
2012-05-09,7168.0,7494.0,7059.0,7331.0,163743,VND
2012-05-10,7385.0,7765.0,7277.0,7277.0,367989,VND
2012-05-11,7222.0,7222.0,7005.0,7005.0,243016,VND
2012-05-14,6788.0,6842.0,6516.0,6516.0,249944,VND
2012-05-15,6299.0,6516.0,6191.0,6191.0,131101,VND
2012-05-16,6299.0,6353.0,5973.0,6191.0,157081,VND
2012-05-17,6136.0,6679.0,6136.0,6191.0,70347,VND
2012-05-18,5973.0,6082.0,5810.0,5973.0,147888,VND
2012-05-21,5865.0,6245.0,5865.0,6245.0,130435,VND
2012-05-22,6625.0,6625.0,6028.0,6136.0,71146,VND
2012-05-23,6136.0,6136.0,5786.0,5786.0,52760,VND
2012-05-24,5727.0,5786.0,5493.0,5786.0,52893,VND
2012-05-25,6136.0,6136.0,6078.0,6136.0,58223,VND
2012-05-28,6487.0,6487.0,6019.0,6136.0,45033,VND
2012-05-29,5844.0,5961.0,5844.0,5961.0,35706,VND
2012-05-30,5961.0,5961.0,5727.0,5902.0,30910,VND
2012-05-31,5786.0,6019.0,5610.0,5844.0,89532,VND
2012-06-01,5844.0,6019.0,5669.0,6019.0,17320,VND
2012-06-04,5727.0,5727.0,5552.0,5552.0,21983,VND
2012-06-05,5435.0,5844.0,5435.0,5844.0,45166,VND
2012-06-06,5844.0,5961.0,5844.0,5844.0,48097,VND
2012-06-07,6019.0,6312.0,5902.0,6253.0,132566,VND
2012-06-08,6312.0,6370.0,5961.0,6078.0,41169,VND
2012-06-11,6019.0,6195.0,5961.0,6136.0,42501,VND
2012-06-12,5961.0,5961.0,5786.0,5844.0,71946,VND
2012-06-13,5902.0,6253.0,5844.0,6253.0,199449,VND
2012-06-14,6370.0,6604.0,6136.0,6253.0,57157,VND
2012-06-15,6312.0,6545.0,6078.0,6312.0,58889,VND
2012-06-18,6312.0,6370.0,6019.0,6019.0,46365,VND
2012-06-19,6019.0,6136.0,5902.0,6136.0,69681,VND
2012-06-20,6312.0,6312.0,6136.0,6195.0,11991,VND
2012-06-21,6078.0,6136.0,6019.0,6136.0,16388,VND
2012-06-22,6078.0,6078.0,5902.0,5902.0,55025,VND
2012-06-25,6078.0,6078.0,5727.0,5727.0,51961,VND
2012-06-26,5552.0,5610.0,5493.0,5610.0,32642,VND
2012-06-27,5610.0,5610.0,5552.0,5552.0,35307,VND
2012-06-28,5493.0,5844.0,5493.0,5844.0,14123,VND
2012-06-29,5552.0,5727.0,5552.0,5610.0,7861,VND
2012-07-02,5669.0,5669.0,5552.0,5552.0,47031,VND
2012-07-03,5552.0,5610.0,5435.0,5493.0,55824,VND
2012-07-04,5493.0,5552.0,5435.0,5552.0,15988,VND
2012-07-05,5377.0,5610.0,5377.0,5610.0,65550,VND
2012-07-06,5552.0,5727.0,5493.0,5727.0,15055,VND
2012-07-09,5493.0,5493.0,5377.0,5493.0,32509,VND
2012-07-10,5318.0,5377.0,5260.0,5318.0,43167,VND
2012-07-11,5493.0,5493.0,5493.0,5493.0,133,VND
2012-07-12,5377.0,5493.0,5260.0,5493.0,26647,VND
2012-07-13,5552.0,5786.0,5552.0,5669.0,29045,VND
2012-07-16,5669.0,5669.0,5435.0,5552.0,5862,VND
2012-07-17,5552.0,5786.0,5552.0,5786.0,14789,VND
2012-07-18,5610.0,5669.0,5552.0,5669.0,20385,VND
2012-07-19,5435.0,5844.0,5435.0,5844.0,17986,VND
2012-07-20,5961.0,5961.0,5669.0,5669.0,27313,VND
2012-07-23,5669.0,5669.0,5669.0,5669.0,4130,VND
2012-07-24,5552.0,5552.0,5435.0,5493.0,16787,VND
2012-07-25,5435.0,5552.0,5318.0,5552.0,5596,VND
2012-07-26,5552.0,5552.0,5377.0,5377.0,17453,VND
2012-07-27,5377.0,5552.0,5318.0,5377.0,19185,VND
2012-07-30,5435.0,5610.0,5435.0,5610.0,11458,VND
2012-07-31,5435.0,5669.0,5435.0,5669.0,14656,VND
2012-08-01,5435.0,5493.0,5318.0,5493.0,21051,VND
2012-08-02,5435.0,5435.0,5377.0,5435.0,20918,VND
2012-08-03,5377.0,5377.0,5260.0,5377.0,33308,VND
2012-08-06,5377.0,5552.0,5260.0,5318.0,8260,VND
2012-08-07,5318.0,5435.0,5318.0,5435.0,1998,VND
2012-08-08,5435.0,5493.0,5377.0,5377.0,3064,VND
2012-08-09,5435.0,5435.0,5318.0,5377.0,35307,VND
2012-08-10,5260.0,5318.0,5260.0,5260.0,35706,VND
2012-08-13,5260.0,5377.0,5260.0,5377.0,9460,VND
2012-08-14,5260.0,5377.0,5260.0,5377.0,8127,VND
2012-08-15,5260.0,5318.0,5260.0,5318.0,40902,VND
2012-08-16,5260.0,5260.0,5201.0,5201.0,7195,VND
2012-08-17,5201.0,5260.0,5143.0,5260.0,19052,VND
2012-08-20,5201.0,5260.0,5201.0,5260.0,50495,VND
2012-08-21,4967.0,5084.0,4909.0,5084.0,80206,VND
2012-08-22,4734.0,4851.0,4734.0,4734.0,85002,VND
2012-08-23,4558.0,4558.0,4441.0,4441.0,144691,VND
2012-08-24,4149.0,4617.0,4149.0,4441.0,145224,VND
2012-08-27,4149.0,4383.0,4091.0,4091.0,99392,VND
2012-08-28,4091.0,4325.0,4091.0,4325.0,9326,VND
2012-08-29,4325.0,4558.0,4325.0,4558.0,14656,VND
2012-08-30,4500.0,4734.0,4500.0,4734.0,23849,VND
2012-08-31,4325.0,4558.0,4325.0,4558.0,3064,VND
2012-09-04,4500.0,4500.0,4500.0,4500.0,10659,VND
2012-09-05,4383.0,4441.0,4325.0,4441.0,7727,VND
2012-09-06,4325.0,4675.0,4208.0,4617.0,9992,VND
2012-09-07,4792.0,4792.0,4383.0,4675.0,12391,VND
2012-09-10,4383.0,4383.0,4383.0,4383.0,1466,VND
2012-09-11,4208.0,4325.0,4208.0,4325.0,6662,VND
2012-09-12,4558.0,4558.0,4558.0,4558.0,133,VND
2012-09-13,4675.0,4675.0,4266.0,4441.0,8127,VND
2012-09-14,4208.0,4558.0,4208.0,4266.0,10792,VND
2012-09-17,4091.0,4500.0,4091.0,4441.0,8660,VND
2012-09-18,4208.0,4208.0,4149.0,4149.0,5329,VND
2012-09-19,4325.0,4383.0,3915.0,4325.0,7994,VND
2012-09-20,3974.0,4149.0,3974.0,4149.0,2398,VND
2012-09-21,4032.0,4208.0,4032.0,4208.0,266,VND
2012-09-24,4091.0,4208.0,4091.0,4208.0,799,VND
2012-09-25,4032.0,4091.0,4032.0,4091.0,11192,VND
2012-09-26,4091.0,4208.0,4091.0,4208.0,400,VND
2012-09-27,4032.0,4091.0,3974.0,4091.0,46898,VND
2012-09-28,4091.0,4091.0,4091.0,4091.0,9460,VND
2012-10-01,4032.0,4032.0,4032.0,4032.0,14389,VND
2012-10-02,3857.0,4032.0,3857.0,4032.0,2132,VND
2012-10-03,4032.0,4032.0,3974.0,3974.0,13456,VND
2012-10-04,3915.0,3974.0,3915.0,3974.0,11991,VND
2012-10-05,3974.0,3974.0,3857.0,3974.0,8660,VND
2012-10-08,3974.0,4091.0,3974.0,4091.0,12524,VND
2012-10-09,4091.0,4091.0,4091.0,4091.0,39970,VND
2012-10-10,4149.0,4325.0,4091.0,4325.0,33175,VND
2012-10-11,4383.0,4383.0,4266.0,4266.0,266,VND
2012-10-12,4149.0,4208.0,4149.0,4208.0,60088,VND
2012-10-15,4032.0,4208.0,3915.0,4208.0,1732,VND
2012-10-16,4266.0,4266.0,4266.0,4266.0,133,VND
2012-10-17,4266.0,4266.0,4266.0,4266.0,133,VND
2012-10-18,4208.0,4208.0,4208.0,4208.0,133,VND
2012-10-19,3974.0,4266.0,3915.0,3915.0,47031,VND
2012-10-22,4032.0,4032.0,4032.0,4032.0,133,VND
2012-10-23,3857.0,3857.0,3857.0,3857.0,933,VND
2012-10-24,3915.0,3915.0,3740.0,3915.0,400,VND
2012-10-25,3974.0,3974.0,3740.0,3740.0,25314,VND
2012-10-26,3682.0,3682.0,3682.0,3682.0,2265,VND
2012-10-29,3623.0,3623.0,3623.0,3623.0,133,VND
2012-10-30,3740.0,3799.0,3682.0,3799.0,3464,VND
2012-10-31,3448.0,3740.0,3448.0,3740.0,2398,VND
2012-11-01,3682.0,3740.0,3682.0,3740.0,1865,VND
2012-11-02,3740.0,3740.0,3565.0,3565.0,266,VND
2012-11-05,3740.0,3740.0,3448.0,3740.0,1332,VND
2012-11-06,3506.0,3506.0,3506.0,3506.0,133,VND
2012-11-07,3740.0,3740.0,3565.0,3565.0,400,VND
2012-11-08,3506.0,3682.0,3506.0,3682.0,3064,VND
2012-11-09,3682.0,3740.0,3682.0,3740.0,2265,VND
2012-11-12,3565.0,3857.0,3565.0,3857.0,799,VND
2012-11-16,3623.0,3799.0,3623.0,3799.0,2931,VND
2012-11-19,3565.0,3740.0,3565.0,3740.0,1466,VND
2012-11-21,3623.0,3740.0,3623.0,3740.0,1466,VND
2012-11-22,3799.0,3799.0,3799.0,3799.0,133,VND
2012-11-26,3565.0,3740.0,3565.0,3740.0,2265,VND
2012-11-29,3506.0,3740.0,3506.0,3682.0,18653,VND
2012-11-30,3565.0,3740.0,3565.0,3740.0,7727,VND
2012-12-03,3623.0,3740.0,3623.0,3623.0,20118,VND
2012-12-04,3623.0,3799.0,3623.0,3799.0,933,VND
2012-12-05,3857.0,3857.0,3740.0,3740.0,1332,VND
2012-12-06,3682.0,3799.0,3682.0,3799.0,266,VND
2012-12-07,3682.0,3799.0,3682.0,3799.0,11858,VND
2012-12-10,3799.0,3974.0,3799.0,3915.0,17320,VND
2012-12-11,3740.0,3915.0,3740.0,3915.0,1599,VND
2012-12-12,3915.0,3974.0,3915.0,3974.0,4397,VND
2012-12-13,3857.0,3857.0,3740.0,3799.0,39703,VND
2012-12-14,3682.0,3740.0,3565.0,3740.0,21717,VND
2012-12-17,3740.0,3740.0,3623.0,3682.0,53426,VND
2012-12-18,3682.0,3799.0,3623.0,3799.0,24248,VND
2012-12-19,3799.0,3857.0,3799.0,3857.0,16654,VND
2012-12-20,3857.0,3857.0,3682.0,3857.0,7195,VND
2012-12-21,3682.0,3799.0,3565.0,3682.0,78074,VND
2012-12-24,3682.0,3857.0,3682.0,3740.0,17453,VND
2012-12-25,3740.0,3740.0,3740.0,3740.0,35973,VND
2012-12-26,3740.0,3857.0,3682.0,3857.0,11192,VND
2012-12-27,3740.0,3915.0,3740.0,3857.0,83537,VND
2012-12-28,3857.0,3974.0,3799.0,3974.0,17986,VND
2013-01-02,3974.0,4208.0,3974.0,4149.0,113647,VND
2013-01-03,4149.0,4149.0,3974.0,4091.0,34374,VND
2013-01-04,3974.0,4091.0,3974.0,3974.0,29444,VND
2013-01-07,4032.0,4208.0,3915.0,3915.0,37838,VND
2013-01-08,3915.0,4091.0,3915.0,4091.0,21450,VND
2013-01-09,3974.0,4091.0,3857.0,3857.0,52227,VND
2013-01-10,3799.0,3974.0,3799.0,3857.0,19452,VND
2013-01-11,3915.0,3915.0,3857.0,3915.0,11991,VND
2013-01-14,3857.0,3915.0,3857.0,3915.0,12924,VND
2013-01-15,3974.0,4091.0,3974.0,4091.0,86734,VND
2013-01-16,4091.0,4208.0,4091.0,4091.0,141760,VND
2013-01-17,4149.0,4266.0,4091.0,4149.0,138295,VND
2013-01-18,4091.0,4149.0,4091.0,4149.0,34907,VND
2013-01-21,3974.0,3974.0,3857.0,3915.0,20784,VND
2013-01-22,3857.0,4032.0,3682.0,4032.0,69414,VND
2013-01-23,3857.0,3857.0,3682.0,3682.0,66750,VND
2013-01-24,3682.0,3857.0,3682.0,3857.0,44500,VND
2013-01-25,3857.0,3974.0,3857.0,3974.0,28778,VND
2013-01-28,3974.0,4032.0,3974.0,4032.0,55691,VND
2013-01-29,4032.0,4032.0,3799.0,4032.0,89133,VND
2013-01-30,4032.0,4091.0,3974.0,4091.0,56890,VND
2013-01-31,4032.0,4032.0,3857.0,4032.0,19185,VND
2013-02-01,3857.0,3974.0,3857.0,3974.0,34241,VND
2013-02-04,3974.0,4032.0,3974.0,4032.0,35706,VND
2013-02-05,4032.0,4032.0,3915.0,3915.0,18653,VND
2013-02-06,3974.0,3974.0,3915.0,3915.0,12790,VND
2013-02-07,4032.0,4149.0,3974.0,4149.0,53293,VND
2013-02-08,4149.0,4208.0,4091.0,4208.0,29578,VND
2013-02-18,4266.0,4266.0,4149.0,4208.0,20918,VND
2013-02-19,4149.0,4325.0,4149.0,4266.0,72212,VND
2013-02-20,4266.0,4325.0,4208.0,4325.0,59289,VND
2013-02-21,4266.0,4325.0,4032.0,4032.0,58356,VND
2013-02-22,4208.0,4208.0,4032.0,4149.0,58756,VND
2013-02-25,4091.0,4208.0,4091.0,4149.0,24382,VND
2013-02-26,4091.0,4149.0,3915.0,4032.0,61287,VND
2013-02-27,3974.0,4091.0,3974.0,4091.0,10792,VND
2013-02-28,4091.0,4091.0,4032.0,4091.0,43967,VND
2013-03-01,4091.0,4091.0,4032.0,4091.0,27179,VND
2013-03-04,4091.0,4091.0,3974.0,4032.0,65550,VND
2013-03-05,4032.0,4091.0,3974.0,4032.0,73411,VND
2013-03-06,4032.0,4149.0,4032.0,4149.0,21850,VND
2013-03-07,4091.0,4091.0,4032.0,4091.0,32775,VND
2013-03-08,4091.0,4149.0,4091.0,4149.0,20118,VND
2013-03-11,4091.0,4208.0,4091.0,4208.0,4930,VND
2013-03-12,4149.0,4149.0,4032.0,4091.0,42368,VND
2013-03-13,4091.0,4149.0,4032.0,4149.0,78607,VND
2013-03-14,4149.0,4149.0,4091.0,4149.0,29578,VND
2013-03-15,4149.0,4266.0,4149.0,4208.0,31043,VND
2013-03-18,4208.0,4208.0,4149.0,4208.0,21317,VND
2013-03-19,4149.0,4208.0,4149.0,4149.0,25447,VND
2013-03-20,4149.0,4208.0,4149.0,4208.0,24781,VND
2013-03-21,4208.0,4208.0,4149.0,4149.0,4663,VND
2013-03-22,4032.0,4091.0,4032.0,4091.0,16654,VND
2013-03-25,4091.0,4091.0,4091.0,4091.0,13989,VND
2013-03-26,4149.0,4149.0,4091.0,4091.0,35307,VND
2013-03-27,4091.0,4091.0,4032.0,4032.0,2265,VND
2013-03-28,4032.0,4091.0,4032.0,4032.0,21450,VND
2013-03-29,4032.0,4032.0,4032.0,4032.0,666,VND
2013-04-01,4032.0,4091.0,4032.0,4091.0,11858,VND
2013-04-02,4149.0,4149.0,4091.0,4091.0,3331,VND
2013-04-03,4032.0,4091.0,4032.0,4091.0,21051,VND
2013-04-04,4032.0,4032.0,4032.0,4032.0,3331,VND
2013-04-05,4032.0,4032.0,3974.0,3974.0,5596,VND
2013-04-08,3974.0,4091.0,3974.0,4091.0,933,VND
2013-04-09,4091.0,4091.0,4091.0,4091.0,1732,VND
2013-04-10,4032.0,4032.0,3974.0,3974.0,27979,VND
2013-04-11,4032.0,4032.0,4032.0,4032.0,14123,VND
2013-04-12,3974.0,4032.0,3974.0,3974.0,11325,VND
2013-04-15,3857.0,3857.0,3857.0,3857.0,8127,VND
2013-04-16,3915.0,3915.0,3915.0,3915.0,133,VND
2013-04-17,3915.0,3915.0,3915.0,3915.0,2665,VND
2013-04-18,3799.0,3799.0,3799.0,3799.0,133,VND
2013-04-22,3799.0,3974.0,3799.0,3974.0,4130,VND
2013-04-24,3974.0,3974.0,3974.0,3974.0,3997,VND
2013-04-25,3974.0,3974.0,3974.0,3974.0,3997,VND
2013-04-26,3799.0,3799.0,3799.0,3799.0,1332,VND
2013-05-03,3799.0,3915.0,3799.0,3915.0,7861,VND
2013-05-06,4032.0,4091.0,3974.0,4032.0,15055,VND
2013-05-07,3974.0,3974.0,3915.0,3974.0,23049,VND
2013-05-08,3915.0,3915.0,3799.0,3799.0,37305,VND
2013-05-09,3915.0,3915.0,3857.0,3915.0,51428,VND
2013-05-10,3915.0,3974.0,3915.0,3974.0,20118,VND
2013-05-13,3974.0,3974.0,3974.0,3974.0,26114,VND
2013-05-14,3974.0,4032.0,3974.0,4032.0,23049,VND
2013-05-15,4032.0,4032.0,3974.0,3974.0,25314,VND
2013-05-16,3974.0,4032.0,3915.0,4032.0,29311,VND
2013-05-17,3974.0,3974.0,3915.0,3974.0,11325,VND
2013-05-21,3915.0,3974.0,3915.0,3974.0,6662,VND
2013-05-22,3915.0,3974.0,3857.0,3974.0,34907,VND
2013-05-23,3915.0,4032.0,3915.0,3974.0,14656,VND
2013-05-24,3915.0,3974.0,3799.0,3974.0,43567,VND
2013-05-27,4091.0,4266.0,3974.0,3974.0,23849,VND
2013-05-28,3974.0,4032.0,3915.0,3974.0,17054,VND
2013-05-29,3974.0,4032.0,3915.0,4032.0,100457,VND
2013-05-30,3974.0,4032.0,3974.0,4032.0,2531,VND
2013-05-31,3974.0,4091.0,3974.0,4032.0,41835,VND
2013-06-03,4032.0,4091.0,4032.0,4032.0,70214,VND
2013-06-04,4091.0,4091.0,3974.0,4032.0,99392,VND
2013-06-05,4091.0,4091.0,4091.0,4091.0,7994,VND
2013-06-06,4032.0,4091.0,4032.0,4091.0,15988,VND
2013-06-07,4091.0,4091.0,4091.0,4091.0,39837,VND
2013-06-10,4091.0,4266.0,4091.0,4091.0,43700,VND
2013-06-11,4091.0,4149.0,3915.0,3974.0,21051,VND
2013-06-12,4032.0,4091.0,3974.0,3974.0,15855,VND
2013-06-13,4032.0,4032.0,3974.0,3974.0,8127,VND
2013-06-14,4032.0,4091.0,4032.0,4032.0,15988,VND
2013-06-17,4266.0,4266.0,3915.0,4091.0,7195,VND
2013-06-18,3915.0,3915.0,3915.0,3915.0,6662,VND
2013-06-19,3974.0,3974.0,3974.0,3974.0,1332,VND
2013-06-20,3974.0,3974.0,3915.0,3915.0,1066,VND
2013-06-21,4032.0,4091.0,4032.0,4091.0,3997,VND
2013-06-24,3915.0,4091.0,3915.0,4091.0,12391,VND
2013-06-25,4032.0,4032.0,3915.0,3915.0,17453,VND
2013-06-26,3915.0,3974.0,3915.0,3974.0,51694,VND
2013-06-27,4032.0,4091.0,3915.0,4091.0,9326,VND
2013-06-28,3915.0,3974.0,3740.0,3974.0,9992,VND
2013-07-01,3623.0,4032.0,3623.0,3915.0,1599,VND
2013-07-02,3682.0,4032.0,3682.0,4032.0,3731,VND
2013-07-03,3857.0,3857.0,3857.0,3857.0,133,VND
2013-07-04,3974.0,3974.0,3974.0,3974.0,3198,VND
2013-07-05,3974.0,4091.0,3915.0,4091.0,15721,VND
2013-07-08,3974.0,4091.0,3915.0,4091.0,5463,VND
2013-07-10,3974.0,4032.0,3857.0,4032.0,3464,VND
2013-07-11,3857.0,3915.0,3857.0,3915.0,7061,VND
2013-07-15,3915.0,3915.0,3915.0,3915.0,53293,VND
2013-07-16,3915.0,3915.0,3915.0,3915.0,1466,VND
2013-07-17,4032.0,4032.0,4032.0,4032.0,133,VND
2013-07-24,3799.0,4032.0,3799.0,4032.0,533,VND
2013-07-25,3857.0,3857.0,3799.0,3857.0,21717,VND
2013-07-26,4091.0,4091.0,3799.0,3974.0,12257,VND
2013-07-29,3799.0,3974.0,3799.0,3974.0,1466,VND
2013-07-30,3915.0,3915.0,3915.0,3915.0,133,VND
2013-08-07,4032.0,4032.0,3740.0,4032.0,14123,VND
2013-08-09,3915.0,3915.0,3915.0,3915.0,6662,VND
2013-08-14,3799.0,3799.0,3799.0,3799.0,2665,VND
2013-08-15,3915.0,3915.0,3915.0,3915.0,133,VND
2013-08-19,3857.0,4032.0,3857.0,4032.0,1332,VND
2013-08-20,3799.0,3974.0,3799.0,3974.0,946,VND
2013-08-21,4032.0,4032.0,4032.0,4032.0,400,VND
2013-08-22,4032.0,4383.0,4032.0,4149.0,400,VND
2013-08-27,3740.0,3740.0,3740.0,3740.0,133,VND
2013-08-28,4032.0,4032.0,4032.0,4032.0,133,VND
2013-09-04,4032.0,4032.0,4032.0,4032.0,133,VND
2013-09-05,4032.0,4032.0,4032.0,4032.0,133,VND
2013-09-11,3682.0,3974.0,3682.0,3915.0,13590,VND
2013-09-13,3565.0,3682.0,3565.0,3682.0,13590,VND
2013-09-16,3915.0,3915.0,3682.0,3915.0,2132,VND
2013-09-17,4032.0,4032.0,4032.0,4032.0,133,VND
2013-09-18,3682.0,3915.0,3682.0,3915.0,5995,VND
2013-09-19,4032.0,4032.0,3565.0,3799.0,13323,VND
2013-09-20,3915.0,3915.0,3915.0,3915.0,133,VND
2013-09-23,3974.0,3974.0,3974.0,3974.0,133,VND
2013-09-24,3974.0,3974.0,3974.0,3974.0,133,VND
2013-09-25,3799.0,3799.0,3623.0,3623.0,39970,VND
2013-09-26,3273.0,3915.0,3273.0,3915.0,42901,VND
2013-09-27,3565.0,3915.0,3565.0,3915.0,39437,VND
2013-09-30,3565.0,3974.0,3565.0,3915.0,8927,VND
2013-10-01,3565.0,3740.0,3565.0,3740.0,42768,VND
2013-10-02,3565.0,3623.0,3506.0,3623.0,13590,VND
2013-10-03,3682.0,3799.0,3623.0,3799.0,76875,VND
2013-10-04,3682.0,3799.0,3623.0,3799.0,22916,VND
2013-10-07,3799.0,3915.0,3799.0,3915.0,266,VND
2013-10-09,3740.0,3740.0,3565.0,3565.0,33575,VND
2013-10-10,3623.0,3623.0,3623.0,3623.0,2678,VND
2013-10-15,3506.0,3799.0,3506.0,3799.0,6795,VND
2013-10-16,3623.0,3799.0,3623.0,3799.0,400,VND
2013-10-18,3623.0,3623.0,3623.0,3623.0,29311,VND
2013-10-21,3682.0,3682.0,3623.0,3623.0,58089,VND
2013-10-22,3623.0,3682.0,3623.0,3682.0,39437,VND
2013-10-23,3682.0,3799.0,3682.0,3799.0,26780,VND
2013-10-24,3799.0,3799.0,3740.0,3740.0,15455,VND
2013-10-25,3740.0,3740.0,3740.0,3740.0,2132,VND
2013-10-28,3799.0,3799.0,3740.0,3740.0,51428,VND
2013-10-29,3740.0,3740.0,3740.0,3740.0,1332,VND
2013-10-30,3799.0,3799.0,3799.0,3799.0,4383,VND
2013-10-31,3915.0,3915.0,3740.0,3857.0,2931,VND
2013-11-01,3740.0,3799.0,3740.0,3799.0,14909,VND
2013-11-04,3799.0,3799.0,3799.0,3799.0,3331,VND
2013-11-05,3857.0,3857.0,3857.0,3857.0,145,VND
2013-11-06,3974.0,3974.0,3974.0,3974.0,133,VND
2013-11-07,3915.0,3915.0,3857.0,3915.0,11058,VND
2013-11-08,3799.0,3799.0,3740.0,3799.0,14656,VND
2013-11-11,3799.0,3857.0,3799.0,3857.0,22650,VND
2013-11-12,3799.0,3799.0,3682.0,3740.0,53959,VND
2013-11-13,3682.0,3857.0,3682.0,3857.0,49429,VND
2013-11-14,4149.0,4149.0,3799.0,4032.0,8394,VND
2013-11-15,3915.0,3974.0,3857.0,3974.0,54759,VND
2013-11-18,4032.0,4032.0,3974.0,4032.0,44500,VND
2013-11-19,3974.0,3974.0,3974.0,3974.0,9726,VND
2013-11-20,4091.0,4091.0,3915.0,3915.0,9060,VND
2013-11-21,4032.0,4032.0,3857.0,3857.0,20650,VND
2013-11-22,4091.0,4091.0,3857.0,3915.0,6528,VND
2013-11-25,4091.0,4091.0,3740.0,3915.0,9460,VND
2013-11-26,3740.0,3915.0,3740.0,3915.0,22516,VND
2013-11-27,3799.0,3857.0,3799.0,3857.0,8327,VND
2013-11-28,3740.0,3799.0,3740.0,3799.0,266,VND
2013-11-29,3857.0,3857.0,3740.0,3740.0,9859,VND
2013-12-03,3915.0,4032.0,3915.0,3915.0,11192,VND
2013-12-04,3740.0,3857.0,3740.0,3857.0,266,VND
2013-12-05,3506.0,3915.0,3506.0,3915.0,266,VND
2013-12-06,3565.0,3974.0,3565.0,3857.0,8527,VND
2013-12-09,3857.0,3974.0,3799.0,3799.0,32908,VND
2013-12-10,4091.0,4149.0,4091.0,4149.0,34374,VND
2013-12-11,4500.0,4500.0,4091.0,4208.0,86068,VND
2013-12-12,4266.0,4325.0,4208.0,4266.0,77808,VND
2013-12-13,4266.0,4266.0,4266.0,4266.0,42368,VND
2013-12-16,4266.0,4266.0,4208.0,4266.0,33974,VND
2013-12-17,4266.0,4266.0,4266.0,4266.0,19052,VND
2013-12-18,4266.0,4266.0,4208.0,4266.0,41835,VND
2013-12-19,4266.0,4266.0,4208.0,4266.0,165075,VND
2013-12-20,4266.0,4325.0,4266.0,4325.0,195719,VND
2013-12-23,4595.0,4595.0,4257.0,4392.0,1998,VND
2013-12-24,4392.0,4460.0,4392.0,4460.0,47298,VND
2013-12-25,4392.0,4392.0,4325.0,4392.0,4197,VND
2013-12-26,4392.0,4392.0,4325.0,4325.0,23582,VND
2013-12-27,4392.0,4392.0,4189.0,4325.0,54092,VND
2013-12-30,4189.0,4189.0,4122.0,4122.0,10659,VND
2013-12-31,4527.0,4527.0,4122.0,4122.0,7727,VND
2014-01-02,4189.0,4189.0,3919.0,4189.0,4530,VND
2014-01-03,4257.0,4527.0,4257.0,4257.0,133,VND
2014-01-06,4189.0,4189.0,4122.0,4189.0,20918,VND
2014-01-07,4257.0,4325.0,4189.0,4189.0,15855,VND
2014-01-08,4122.0,4257.0,4054.0,4189.0,5862,VND
2014-01-09,4189.0,4189.0,4189.0,4189.0,14656,VND
2014-01-10,4189.0,4189.0,4122.0,4122.0,17587,VND
2014-01-13,4257.0,4257.0,4189.0,4189.0,17853,VND
2014-01-14,4122.0,4189.0,4122.0,4189.0,16388,VND
2014-01-15,4189.0,4189.0,4189.0,4189.0,1865,VND
2014-01-16,4189.0,4189.0,4122.0,4189.0,30111,VND
2014-01-17,4189.0,4257.0,4122.0,4122.0,38904,VND
2014-01-20,4325.0,4325.0,4122.0,4122.0,266,VND
2014-01-21,4122.0,4257.0,4054.0,4054.0,8394,VND
2014-01-22,4122.0,4122.0,4122.0,4122.0,1199,VND
2014-01-23,4122.0,4122.0,4054.0,4122.0,11192,VND
2014-01-27,4122.0,4122.0,4122.0,4122.0,534,VND
2014-02-06,4189.0,4189.0,4189.0,4189.0,1332,VND
2014-02-10,4189.0,4325.0,4189.0,4325.0,25048,VND
2014-02-11,4325.0,4460.0,4325.0,4325.0,64618,VND
2014-02-12,4460.0,4460.0,4392.0,4392.0,1998,VND
2014-02-13,4527.0,4527.0,4527.0,4527.0,6795,VND
2014-02-14,4325.0,4392.0,4257.0,4392.0,6795,VND
2014-02-17,4392.0,4392.0,4392.0,4392.0,38771,VND
2014-02-18,4392.0,4595.0,4392.0,4527.0,70880,VND
2014-02-19,4730.0,4933.0,4730.0,4933.0,43167,VND
2014-02-20,4662.0,4933.0,4595.0,4662.0,17787,VND
2014-02-21,4730.0,4730.0,4527.0,4730.0,18919,VND
2014-02-24,4662.0,4730.0,4662.0,4662.0,11458,VND
2014-02-25,4662.0,4730.0,4595.0,4662.0,64351,VND
2014-02-26,4662.0,4798.0,4662.0,4798.0,36772,VND
2014-02-27,4798.0,4865.0,4798.0,4865.0,21850,VND
2014-02-28,4865.0,4865.0,4662.0,4730.0,34640,VND
2014-03-03,4662.0,4662.0,4527.0,4527.0,24115,VND
2014-03-04,4662.0,4662.0,4662.0,4662.0,1466,VND
2014-03-05,4662.0,4662.0,4595.0,4595.0,12524,VND
2014-03-06,4595.0,4662.0,4595.0,4662.0,2798,VND
2014-03-07,4662.0,4798.0,4662.0,4730.0,13723,VND
2014-03-10,4662.0,4730.0,4595.0,4730.0,29844,VND
2014-03-11,4662.0,4730.0,4662.0,4730.0,25447,VND
2014-03-12,4595.0,4730.0,4595.0,4730.0,34774,VND
2014-03-13,4595.0,4662.0,4595.0,4662.0,4796,VND
2014-03-14,4662.0,4662.0,4595.0,4595.0,21051,VND
2014-03-17,4527.0,4933.0,4527.0,4865.0,97793,VND
2014-03-18,4730.0,4933.0,4730.0,4865.0,42501,VND
2014-03-19,4798.0,5000.0,4798.0,5000.0,49962,VND
2014-03-20,5000.0,5000.0,4865.0,4865.0,45432,VND
2014-03-21,5068.0,5135.0,5068.0,5135.0,216769,VND
2014-03-24,5203.0,5608.0,5203.0,5608.0,203446,VND
2014-03-25,5879.0,6149.0,5879.0,6149.0,691344,VND
2014-03-26,6149.0,6149.0,5676.0,5811.0,252343,VND
2014-03-27,5946.0,5946.0,5406.0,5676.0,107652,VND
2014-03-28,5473.0,5676.0,5406.0,5608.0,84869,VND
2014-03-31,5271.0,5608.0,5271.0,5271.0,100058,VND
2014-04-01,5135.0,5271.0,4865.0,5271.0,158414,VND
2014-04-02,5271.0,5271.0,4798.0,4865.0,89133,VND
2014-04-03,4865.0,5135.0,4865.0,5068.0,28379,VND
2014-04-04,4933.0,5000.0,4730.0,5000.0,61287,VND
2014-04-07,5000.0,5135.0,5000.0,5135.0,64218,VND
2014-04-08,5135.0,5135.0,5000.0,5068.0,26114,VND
2014-04-10,5068.0,5135.0,5000.0,5000.0,18386,VND
2014-04-11,5068.0,5068.0,4865.0,4865.0,33441,VND
2014-04-14,4865.0,4933.0,4865.0,4865.0,37705,VND
2014-04-15,4865.0,4865.0,4662.0,4730.0,145623,VND
2014-04-16,4527.0,4595.0,4460.0,4595.0,41169,VND
2014-04-17,4595.0,4662.0,4595.0,4662.0,2665,VND
2014-04-18,4662.0,4662.0,4392.0,4527.0,117911,VND
2014-04-21,4325.0,4325.0,4257.0,4257.0,20784,VND
2014-04-22,4460.0,4527.0,4392.0,4392.0,11458,VND
2014-04-23,4392.0,4392.0,4392.0,4392.0,1865,VND
2014-04-24,4392.0,4392.0,4325.0,4325.0,13590,VND
2014-04-25,4325.0,4325.0,4257.0,4257.0,18719,VND
2014-04-28,4257.0,4325.0,4257.0,4257.0,17320,VND
2014-04-29,4189.0,4460.0,4189.0,4460.0,1466,VND
2014-05-05,4325.0,4460.0,4257.0,4460.0,2731,VND
2014-05-07,4595.0,4595.0,4595.0,4595.0,133,VND
2014-05-08,4189.0,4189.0,4189.0,4189.0,36239,VND
2014-05-09,4189.0,4189.0,4189.0,4189.0,34707,VND
2014-05-12,3784.0,3919.0,3784.0,3852.0,29711,VND
2014-05-13,4054.0,4054.0,3649.0,3784.0,9060,VND
2014-05-14,3784.0,3987.0,3716.0,3987.0,21317,VND
2014-05-15,4054.0,4122.0,3852.0,3852.0,24515,VND
2014-05-16,4054.0,4054.0,4054.0,4054.0,266,VND
2014-05-19,4054.0,4122.0,4054.0,4122.0,533,VND
2014-05-21,4257.0,4392.0,4257.0,4392.0,266,VND
2014-05-22,4054.0,4054.0,4054.0,4054.0,1199,VND
2014-05-26,4392.0,4392.0,4392.0,4392.0,133,VND
2014-05-27,4392.0,4392.0,4392.0,4392.0,8860,VND
2014-05-28,4392.0,4392.0,4392.0,4392.0,6662,VND
2014-05-29,4257.0,4257.0,4257.0,4257.0,6662,VND
2014-05-30,4122.0,4122.0,4122.0,4122.0,133,VND
2014-06-05,4122.0,4122.0,4122.0,4122.0,2531,VND
2014-06-06,4054.0,4054.0,4054.0,4054.0,5329,VND
2014-06-09,4054.0,4054.0,4054.0,4054.0,10126,VND
2014-06-10,3784.0,4325.0,3784.0,4122.0,58622,VND
2014-06-11,3987.0,3987.0,3987.0,3987.0,666,VND
2014-06-12,4122.0,4257.0,4122.0,4189.0,4397,VND
2014-06-13,4122.0,4257.0,4122.0,4257.0,1998,VND
2014-06-16,4122.0,4257.0,4122.0,4257.0,8793,VND
2014-06-17,4189.0,4257.0,4189.0,4257.0,4130,VND
2014-06-18,4257.0,4257.0,4257.0,4257.0,13456,VND
2014-06-20,4189.0,4189.0,4189.0,4189.0,1599,VND
2014-06-23,4054.0,4054.0,4054.0,4054.0,133,VND
2014-06-24,3852.0,4392.0,3852.0,4392.0,666,VND
2014-06-25,4392.0,4392.0,4392.0,4392.0,133,VND
2014-06-26,4392.0,4460.0,4392.0,4460.0,6795,VND
2014-06-30,4460.0,4460.0,4460.0,4460.0,133,VND
2014-07-01,4325.0,4325.0,4189.0,4189.0,1599,VND
2014-07-03,4257.0,4257.0,4257.0,4257.0,6662,VND
2014-07-04,4257.0,4257.0,4257.0,4257.0,400,VND
2014-07-07,4257.0,4257.0,4257.0,4257.0,2531,VND
2014-07-08,4189.0,4189.0,4189.0,4189.0,133,VND
2014-07-09,4189.0,4325.0,4189.0,4325.0,6928,VND
2014-07-10,4257.0,4257.0,4257.0,4257.0,3331,VND
2014-07-11,4257.0,4257.0,4257.0,4257.0,9326,VND
2014-07-14,4325.0,4325.0,4189.0,4257.0,8660,VND
2014-07-15,4257.0,4392.0,4189.0,4325.0,70480,VND
2014-07-16,4460.0,4460.0,4460.0,4460.0,1998,VND
2014-07-17,4122.0,4460.0,4122.0,4257.0,51961,VND
2014-07-18,4257.0,4325.0,4257.0,4325.0,5729,VND
2014-07-21,4325.0,4392.0,4325.0,4325.0,6662,VND
2014-07-22,4392.0,4392.0,4325.0,4325.0,2531,VND
2014-07-23,4257.0,4460.0,4257.0,4257.0,3997,VND
2014-07-24,4189.0,4392.0,4189.0,4392.0,11325,VND
2014-07-25,4460.0,4527.0,4392.0,4460.0,19718,VND
2014-07-28,4325.0,4460.0,4122.0,4460.0,13590,VND
2014-07-29,4054.0,4392.0,4054.0,4392.0,6928,VND
2014-07-30,4122.0,4595.0,4122.0,4392.0,7461,VND
2014-07-31,4257.0,4595.0,4257.0,4325.0,25847,VND
2014-08-01,4325.0,4662.0,4257.0,4662.0,9460,VND
2014-08-04,4325.0,4325.0,4325.0,4325.0,133,VND
2014-08-05,4460.0,4595.0,4460.0,4595.0,3331,VND
2014-08-06,4460.0,4460.0,4460.0,4460.0,3331,VND
2014-08-07,4460.0,4460.0,4460.0,4460.0,8660,VND
2014-08-08,4392.0,4460.0,4392.0,4460.0,1998,VND
2014-08-11,4527.0,4595.0,4460.0,4527.0,8127,VND
2014-08-12,4122.0,4527.0,4122.0,4392.0,59422,VND
2014-08-13,4325.0,4595.0,4325.0,4595.0,21450,VND
2014-08-14,4257.0,4595.0,4257.0,4595.0,4397,VND
2014-08-15,4662.0,4662.0,4527.0,4595.0,25181,VND
2014-08-18,4392.0,4798.0,4392.0,4595.0,5729,VND
2014-08-19,4662.0,4662.0,4662.0,4662.0,41169,VND
2014-08-20,4730.0,4730.0,4730.0,4730.0,133,VND
2014-08-21,4865.0,4865.0,4460.0,4460.0,333,VND
2014-08-22,4798.0,4798.0,4527.0,4730.0,466,VND
2014-08-25,4460.0,4730.0,4460.0,4730.0,20518,VND
2014-08-26,4798.0,4798.0,4798.0,4798.0,1466,VND
2014-08-27,4933.0,4933.0,4730.0,4730.0,12924,VND
2014-08-28,4865.0,4865.0,4662.0,4730.0,35173,VND
2014-08-29,4730.0,4730.0,4730.0,4730.0,5995,VND
2014-09-03,4730.0,4730.0,4662.0,4730.0,18519,VND
2014-09-04,4662.0,4730.0,4595.0,4730.0,4796,VND
2014-09-05,4662.0,4730.0,4662.0,4730.0,20518,VND
2014-09-08,4730.0,4798.0,4730.0,4798.0,5196,VND
2014-09-09,4798.0,4798.0,4662.0,4662.0,31310,VND
2014-09-10,4662.0,4730.0,4662.0,4730.0,14656,VND
2014-09-12,4662.0,4662.0,4662.0,4662.0,9326,VND
2014-09-17,4595.0,4662.0,4595.0,4662.0,23316,VND
2014-09-22,4865.0,4865.0,4730.0,4730.0,666,VND
2014-09-23,4662.0,4662.0,4662.0,4662.0,4397,VND
2014-09-24,4662.0,4662.0,4662.0,4662.0,11991,VND
2014-09-25,4595.0,4595.0,4595.0,4595.0,7594,VND
2014-09-26,4595.0,4595.0,4595.0,4595.0,13323,VND
2014-09-30,4527.0,4527.0,4527.0,4527.0,133,VND
2014-10-02,4730.0,4730.0,4730.0,4730.0,1599,VND
2014-10-03,4730.0,4730.0,4662.0,4662.0,24515,VND
2014-10-06,4662.0,4662.0,4662.0,4662.0,6662,VND
2014-10-07,4662.0,4730.0,4662.0,4730.0,9859,VND
2014-10-08,4730.0,4798.0,4730.0,4798.0,3198,VND
2014-10-09,4798.0,4798.0,4730.0,4730.0,14522,VND
2014-10-10,4662.0,4730.0,4662.0,4730.0,10792,VND
2014-10-13,4798.0,4798.0,4662.0,4662.0,6795,VND
2014-10-14,4662.0,4730.0,4662.0,4662.0,6395,VND
2014-10-15,4662.0,4662.0,4662.0,4662.0,9193,VND
2014-10-16,4730.0,4730.0,4730.0,4730.0,133,VND
2014-10-17,4730.0,4730.0,4527.0,4527.0,3064,VND
2014-10-21,4730.0,4730.0,4730.0,4730.0,666,VND
2014-10-22,4730.0,4730.0,4662.0,4730.0,13723,VND
2014-10-23,4595.0,4595.0,4595.0,4595.0,14522,VND
2014-10-24,4662.0,4662.0,4662.0,4662.0,6395,VND
2014-10-27,4595.0,4595.0,4595.0,4595.0,533,VND
2014-10-28,4662.0,4730.0,4662.0,4730.0,933,VND
2014-10-29,4730.0,4730.0,4730.0,4730.0,6795,VND
2014-10-30,4730.0,4798.0,4730.0,4798.0,14656,VND
2014-10-31,4798.0,5203.0,4798.0,5068.0,13323,VND
2014-11-03,4865.0,4865.0,4865.0,4865.0,1332,VND
2014-11-04,4933.0,5068.0,4865.0,5068.0,3331,VND
2014-11-06,4662.0,4730.0,4595.0,4730.0,2198,VND
2014-11-07,5000.0,5000.0,4865.0,4865.0,14656,VND
2014-11-10,4730.0,4933.0,4730.0,4933.0,46298,VND
2014-11-11,4933.0,5000.0,4933.0,5000.0,25714,VND
2014-11-12,5000.0,5000.0,4933.0,5000.0,10659,VND
2014-11-13,5000.0,5203.0,5000.0,5203.0,37172,VND
2014-11-14,4730.0,5135.0,4730.0,5135.0,18519,VND
2014-11-17,5135.0,5203.0,5135.0,5203.0,799,VND
2014-11-18,5000.0,5203.0,4865.0,5203.0,18919,VND
2014-11-19,4933.0,5135.0,4933.0,5135.0,4663,VND
2014-11-20,5068.0,5068.0,4933.0,4933.0,933,VND
2014-11-21,4933.0,4933.0,4933.0,4933.0,7727,VND
2014-11-24,5406.0,5406.0,4933.0,4933.0,10659,VND
2014-11-25,5068.0,5068.0,4933.0,5068.0,6129,VND
2014-11-26,4865.0,4865.0,4865.0,4865.0,133,VND
2014-11-27,4865.0,4865.0,4865.0,4865.0,1466,VND
2014-11-28,4865.0,4933.0,4865.0,4933.0,4930,VND
2014-12-01,5000.0,5135.0,5000.0,5068.0,13590,VND
2014-12-03,5068.0,5068.0,5068.0,5068.0,3198,VND
2014-12-04,5068.0,5203.0,5068.0,5203.0,799,VND
2014-12-05,5135.0,5203.0,5135.0,5203.0,35440,VND
2014-12-08,5406.0,5406.0,5338.0,5338.0,2665,VND
2014-12-09,5068.0,5068.0,5000.0,5000.0,14123,VND
2014-12-10,5068.0,5068.0,5068.0,5068.0,2198,VND
2014-12-11,5000.0,5000.0,5000.0,5000.0,4796,VND
2014-12-12,5068.0,5068.0,5068.0,5068.0,8927,VND
2014-12-15,5068.0,5271.0,5068.0,5068.0,7861,VND
2014-12-16,5135.0,5135.0,5068.0,5135.0,12124,VND
2014-12-17,5135.0,5135.0,5000.0,5068.0,17187,VND
2014-12-23,5271.0,5271.0,4730.0,4730.0,533,VND
2014-12-24,4865.0,4865.0,4865.0,4865.0,799,VND
2014-12-25,4865.0,4865.0,4865.0,4865.0,8527,VND
2014-12-26,4865.0,4865.0,4460.0,4460.0,2798,VND
2014-12-29,4730.0,4730.0,4730.0,4730.0,9060,VND
2014-12-30,4392.0,4392.0,4392.0,4392.0,133,VND
2014-12-31,4798.0,4798.0,4798.0,4798.0,133,VND
2015-01-05,5000.0,5068.0,4730.0,4730.0,11458,VND
2015-01-06,4460.0,5000.0,4460.0,5000.0,4796,VND
2015-01-07,5000.0,5068.0,4595.0,4595.0,7594,VND
2015-01-09,4933.0,4933.0,4933.0,4933.0,1332,VND
2015-01-12,4730.0,5068.0,4730.0,5068.0,10392,VND
2015-01-13,5203.0,5271.0,5203.0,5271.0,20251,VND
2015-01-14,5135.0,5135.0,5135.0,5135.0,5329,VND
2015-01-15,5135.0,5135.0,5135.0,5135.0,8260,VND
2015-01-16,5135.0,5135.0,5135.0,5135.0,3997,VND
2015-01-19,5473.0,5608.0,5338.0,5541.0,68082,VND
2015-01-20,5271.0,5406.0,5271.0,5338.0,4263,VND
2015-01-21,5811.0,5811.0,5811.0,5811.0,109784,VND
2015-01-22,6352.0,6352.0,6284.0,6352.0,214305,VND
2015-01-23,6757.0,6960.0,6419.0,6757.0,57157,VND
2015-01-26,6757.0,6757.0,6284.0,6284.0,75143,VND
2015-01-27,6284.0,6352.0,6014.0,6217.0,23849,VND
2015-01-28,6217.0,6419.0,6081.0,6217.0,30777,VND
2015-01-29,6419.0,6487.0,6217.0,6487.0,14789,VND
2015-01-30,6487.0,6757.0,6487.0,6757.0,50095,VND
2015-02-02,7433.0,7433.0,6757.0,6757.0,9460,VND
2015-02-03,6757.0,6757.0,6690.0,6690.0,400,VND
2015-02-04,6622.0,6622.0,6081.0,6487.0,6528,VND
2015-02-05,6757.0,6757.0,6690.0,6757.0,8127,VND
2015-02-06,6825.0,6825.0,6690.0,6690.0,35040,VND
2015-02-09,6690.0,6690.0,6554.0,6554.0,47631,VND
2015-02-10,6554.0,6554.0,6554.0,6554.0,27179,VND
2015-02-11,6554.0,6554.0,6554.0,6554.0,266,VND
2015-02-12,6690.0,6690.0,6554.0,6554.0,23049,VND
2015-02-13,7163.0,7163.0,6149.0,7163.0,9060,VND
2015-02-24,7163.0,7838.0,7163.0,7771.0,400,VND
2015-02-25,8446.0,8446.0,7027.0,7027.0,33575,VND
2015-02-26,6757.0,7095.0,6757.0,6892.0,17054,VND
2015-02-27,6960.0,7095.0,6892.0,7095.0,54825,VND
2015-03-02,7095.0,7771.0,6960.0,7163.0,29844,VND
2015-03-03,7095.0,7568.0,7095.0,7568.0,62753,VND
2015-03-04,7365.0,7433.0,7365.0,7365.0,5329,VND
2015-03-05,7771.0,7771.0,7771.0,7771.0,133,VND
2015-03-06,7298.0,7433.0,7163.0,7433.0,10858,VND
2015-03-09,8109.0,8109.0,7230.0,7433.0,24182,VND
2015-03-10,7568.0,7636.0,7568.0,7568.0,45432,VND
2015-03-11,7568.0,7771.0,7433.0,7568.0,33708,VND
2015-03-12,7433.0,7771.0,7433.0,7568.0,80073,VND
2015-03-13,7636.0,8109.0,7568.0,7771.0,42501,VND
2015-03-16,8379.0,8379.0,7771.0,7771.0,21584,VND
2015-03-17,7771.0,8109.0,7771.0,8109.0,61287,VND
2015-03-18,7906.0,8041.0,7906.0,7906.0,7861,VND
2015-03-19,8041.0,8109.0,7906.0,8109.0,28886,VND
2015-03-20,8041.0,8717.0,8041.0,8311.0,98192,VND
2015-03-23,8514.0,9122.0,8109.0,9122.0,142026,VND
2015-03-24,8987.0,8987.0,8379.0,8446.0,117421,VND
2015-03-25,8446.0,8446.0,8446.0,8446.0,9992,VND
2015-03-26,8514.0,8514.0,8311.0,8311.0,17986,VND
2015-03-27,8311.0,8446.0,8311.0,8311.0,4796,VND
2015-03-30,7703.0,8109.0,7703.0,8109.0,12657,VND
2015-03-31,8311.0,8311.0,7973.0,8109.0,3731,VND
2015-04-01,7568.0,7568.0,7568.0,7568.0,7994,VND
2015-04-02,7838.0,7838.0,7838.0,7838.0,133,VND
2015-04-03,7433.0,8041.0,7095.0,8041.0,19985,VND
2015-04-07,8311.0,8311.0,8041.0,8109.0,1599,VND
2015-04-08,8109.0,8176.0,7298.0,7298.0,3597,VND
2015-04-09,6690.0,7973.0,6690.0,7973.0,14522,VND
2015-04-10,8041.0,8041.0,7298.0,8041.0,32109,VND
2015-04-13,8109.0,8244.0,8109.0,8244.0,1998,VND
2015-04-14,8311.0,8311.0,7433.0,8311.0,40236,VND
2015-04-17,7703.0,8109.0,7636.0,8109.0,5729,VND
2015-04-20,7433.0,8446.0,7365.0,8446.0,14789,VND
2015-04-21,8514.0,8514.0,7636.0,8109.0,8927,VND
2015-04-22,7771.0,8109.0,7771.0,8109.0,6262,VND
2015-04-23,8311.0,8717.0,8244.0,8446.0,9326,VND
2015-04-24,7771.0,8446.0,7771.0,8176.0,26745,VND
2015-04-27,7771.0,7771.0,7433.0,7771.0,11991,VND
2015-05-04,7771.0,8109.0,7771.0,8109.0,10792,VND
2015-05-05,8109.0,8109.0,7838.0,8041.0,6928,VND
2015-05-06,8041.0,8041.0,7433.0,8041.0,2132,VND
2015-05-07,7433.0,7771.0,7433.0,7771.0,2798,VND
2015-05-08,8041.0,8041.0,7771.0,7771.0,11325,VND
2015-05-12,7703.0,7973.0,7703.0,7973.0,1732,VND
2015-05-14,7906.0,7906.0,7771.0,7771.0,6395,VND
2015-05-18,7838.0,7838.0,7838.0,7838.0,133,VND
2015-05-19,10500.0,10500.0,10500.0,10500.0,0,VND
2015-05-21,7163.0,7568.0,7163.0,7568.0,533,VND
2015-05-22,7433.0,7703.0,7433.0,7703.0,2798,VND
2015-05-26,7703.0,7703.0,7703.0,7703.0,1332,VND
2015-05-27,7568.0,7568.0,7433.0,7433.0,2798,VND
2015-05-28,7433.0,7500.0,7095.0,7500.0,5463,VND
2015-05-29,7500.0,7703.0,7500.0,7703.0,814,VND
2015-06-02,7433.0,7636.0,7095.0,7433.0,15455,VND
2015-06-03,7433.0,7433.0,7433.0,7433.0,4197,VND
2015-06-04,7365.0,7433.0,7365.0,7433.0,13456,VND
2015-06-09,6757.0,7433.0,6757.0,7433.0,1865,VND
2015-06-10,7095.0,7095.0,7095.0,7095.0,1332,VND
2015-06-12,7095.0,7095.0,7095.0,7095.0,733,VND
2015-06-15,7433.0,7771.0,7095.0,7771.0,20251,VND
2015-06-16,7771.0,7771.0,7433.0,7433.0,1865,VND
2015-06-17,7298.0,8041.0,6757.0,8041.0,7195,VND
2015-06-18,7298.0,7365.0,7298.0,7365.0,15855,VND
2015-06-23,7095.0,7365.0,7027.0,7027.0,8260,VND
2015-06-24,6757.0,6825.0,6419.0,6419.0,10392,VND
2015-06-25,6960.0,7027.0,6960.0,7027.0,1599,VND
2015-06-26,7230.0,7230.0,6352.0,7095.0,1199,VND
2015-07-01,6419.0,7433.0,6419.0,7433.0,2798,VND
2015-07-02,7433.0,7433.0,7433.0,7433.0,133,VND
2015-07-03,7433.0,7636.0,7433.0,7636.0,1332,VND
2015-07-06,6960.0,6960.0,6960.0,6960.0,400,VND
2015-07-07,7095.0,7095.0,7095.0,7095.0,933,VND
2015-07-08,7027.0,7433.0,7027.0,7433.0,1599,VND
2015-07-09,7298.0,7433.0,7298.0,7433.0,1066,VND
2015-07-10,7433.0,7636.0,7298.0,7298.0,48630,VND
2015-07-13,7433.0,7568.0,7298.0,7500.0,47298,VND
2015-07-14,7433.0,7433.0,6892.0,7433.0,37438,VND
2015-07-15,7365.0,7433.0,7365.0,7433.0,3997,VND
2015-07-17,7298.0,7298.0,6757.0,6757.0,13323,VND
2015-07-20,7298.0,7433.0,7230.0,7365.0,110183,VND
2015-07-21,7365.0,7433.0,7230.0,7433.0,16654,VND
2015-07-22,7230.0,7298.0,7230.0,7298.0,11458,VND
2015-07-23,7433.0,7433.0,6757.0,7230.0,7061,VND
2015-07-24,7163.0,7365.0,7163.0,7365.0,3597,VND
2015-07-27,7433.0,7433.0,7298.0,7365.0,52161,VND
2015-07-28,7365.0,7433.0,7230.0,7365.0,88333,VND
2015-07-29,7365.0,7500.0,7298.0,7500.0,77675,VND
2015-07-30,7500.0,7906.0,7365.0,7838.0,196405,VND
2015-07-31,7838.0,7838.0,7703.0,7771.0,71013,VND
2015-08-03,7771.0,7983.0,7629.0,7771.0,99403,VND
2015-08-04,7771.0,8265.0,7771.0,8124.0,191287,VND
2015-08-05,8124.0,8195.0,7983.0,8124.0,116098,VND
2015-08-06,8195.0,8901.0,8195.0,8689.0,271388,VND
2015-08-07,8760.0,8830.0,8548.0,8830.0,195875,VND
2015-08-10,8901.0,9184.0,8901.0,9184.0,263859,VND
2015-08-11,9042.0,9254.0,8830.0,9042.0,260487,VND
2015-08-12,8972.0,8972.0,8548.0,8830.0,143497,VND
2015-08-13,8760.0,8972.0,8407.0,8901.0,159810,VND
2015-08-14,8830.0,8972.0,8689.0,8901.0,183131,VND
2015-08-17,8830.0,9042.0,8689.0,8901.0,120176,VND
2015-08-18,8830.0,8830.0,8618.0,8760.0,64867,VND
2015-08-19,8760.0,8760.0,8407.0,8689.0,205178,VND
2015-08-20,8689.0,8760.0,8477.0,8618.0,145409,VND
2015-08-21,8477.0,8548.0,8124.0,8548.0,140821,VND
2015-08-24,8477.0,8477.0,7700.0,8407.0,63465,VND
2015-08-25,8195.0,8265.0,7912.0,8265.0,42183,VND
2015-08-26,8195.0,8265.0,8053.0,8124.0,21920,VND
2015-08-27,8124.0,8548.0,7700.0,8477.0,320384,VND
2015-08-28,8618.0,8760.0,8477.0,8689.0,371233,VND
2015-08-31,8477.0,8477.0,8195.0,8336.0,117500,VND
2015-09-01,8689.0,8689.0,8053.0,8265.0,69837,VND
2015-09-03,7983.0,8477.0,7983.0,8336.0,198806,VND
2015-09-04,8265.0,8477.0,8195.0,8336.0,113676,VND
2015-09-07,8336.0,8336.0,7983.0,7983.0,237548,VND
2015-09-08,8124.0,8336.0,7912.0,8124.0,81689,VND
2015-09-09,8265.0,8336.0,7983.0,8195.0,133812,VND
2015-09-10,8195.0,8548.0,8124.0,8407.0,396848,VND
2015-09-11,8618.0,8618.0,8407.0,8548.0,220726,VND
2015-09-14,8548.0,8548.0,8336.0,8407.0,36448,VND
2015-09-15,8336.0,8407.0,8124.0,8265.0,279093,VND
2015-09-16,8336.0,8336.0,8053.0,8195.0,67671,VND
2015-09-17,8195.0,8407.0,8124.0,8124.0,172936,VND
2015-09-18,8265.0,8265.0,8053.0,8124.0,76719,VND
2015-09-21,8124.0,8407.0,8124.0,8265.0,246214,VND
2015-09-22,8336.0,8477.0,8336.0,8407.0,335422,VND
2015-09-23,8407.0,8477.0,8336.0,8407.0,92267,VND
2015-09-24,8407.0,8830.0,8407.0,8760.0,568255,VND
2015-09-25,8830.0,8830.0,8548.0,8618.0,289926,VND
2015-09-28,8548.0,8830.0,8477.0,8477.0,477772,VND
2015-09-29,8477.0,8477.0,8124.0,8336.0,436482,VND
2015-09-30,8336.0,8477.0,8336.0,8407.0,414435,VND
2015-10-01,8336.0,8477.0,8124.0,8124.0,155859,VND
2015-10-02,8336.0,8336.0,8124.0,8195.0,189886,VND
2015-10-05,8265.0,8477.0,8195.0,8336.0,286612,VND
2015-10-06,8407.0,8477.0,8124.0,8124.0,476434,VND
2015-10-07,8124.0,8195.0,8124.0,8124.0,208135,VND
2015-10-08,8124.0,8265.0,8124.0,8265.0,252076,VND
2015-10-09,8265.0,8265.0,8124.0,8195.0,256154,VND
2015-10-12,8195.0,8195.0,8053.0,8195.0,154585,VND
2015-10-13,8195.0,8195.0,8053.0,8053.0,87959,VND
2015-10-14,8124.0,8124.0,7983.0,8124.0,85257,VND
2015-10-15,8124.0,8124.0,7983.0,8053.0,85550,VND
2015-10-16,8053.0,8053.0,7841.0,7841.0,208619,VND
2015-10-19,7912.0,8195.0,7841.0,8124.0,292475,VND
2015-10-20,8124.0,8265.0,7983.0,7983.0,136361,VND
2015-10-21,7983.0,8124.0,7841.0,7841.0,231303,VND
2015-10-22,7912.0,7983.0,7700.0,7983.0,167966,VND
2015-10-23,7912.0,8053.0,7841.0,7912.0,104756,VND
2015-10-26,7912.0,7912.0,7771.0,7912.0,217922,VND
2015-10-27,7912.0,7912.0,7488.0,7771.0,122725,VND
2015-10-28,7771.0,8265.0,7771.0,7983.0,470381,VND
2015-10-29,7983.0,8053.0,7771.0,7841.0,276162,VND
2015-10-30,7841.0,7983.0,7700.0,7983.0,126803,VND
2015-11-02,7983.0,7983.0,7771.0,7771.0,227353,VND
2015-11-03,7841.0,8053.0,7771.0,7912.0,289416,VND
2015-11-04,7983.0,8053.0,7841.0,7912.0,209384,VND
2015-11-05,7983.0,8053.0,7771.0,7912.0,76464,VND
2015-11-06,7841.0,7841.0,7629.0,7771.0,61936,VND
2015-11-09,7983.0,7983.0,7700.0,7771.0,221618,VND
2015-11-10,7700.0,7771.0,7559.0,7559.0,71494,VND
2015-11-11,7559.0,7559.0,7064.0,7559.0,168348,VND
2015-11-12,7418.0,7700.0,7418.0,7700.0,50466,VND
2015-11-13,7629.0,8407.0,7629.0,8053.0,704870,VND
2015-11-16,8124.0,8265.0,8053.0,8195.0,195493,VND
2015-11-17,8195.0,8265.0,8124.0,8265.0,335549,VND
2015-11-18,8195.0,8195.0,8053.0,8124.0,147448,VND
2015-11-19,8265.0,8830.0,8265.0,8548.0,1056350,VND
2015-11-20,8760.0,8760.0,8477.0,8760.0,458656,VND
2015-11-23,8618.0,8689.0,8407.0,8407.0,318345,VND
2015-11-24,8336.0,8548.0,8336.0,8548.0,744632,VND
2015-11-25,8477.0,8618.0,8407.0,8407.0,593488,VND
2015-11-26,8552.0,9022.0,8552.0,8740.0,730800,VND
2015-11-27,8740.0,8740.0,8364.0,8646.0,320000,VND
2015-11-30,8646.0,8646.0,8270.0,8270.0,226300,VND
2015-12-01,8270.0,8458.0,8270.0,8458.0,137900,VND
2015-12-02,8364.0,8552.0,8364.0,8552.0,235100,VND
2015-12-03,8458.0,8552.0,8364.0,8364.0,115200,VND
2015-12-04,8364.0,8458.0,8176.0,8176.0,118000,VND
2015-12-07,8176.0,8364.0,8176.0,8270.0,161100,VND
2015-12-08,8270.0,8364.0,8176.0,8364.0,172600,VND
2015-12-09,8270.0,8364.0,8176.0,8176.0,94000,VND
2015-12-10,8176.0,8270.0,8176.0,8176.0,60400,VND
2015-12-11,8270.0,8364.0,8176.0,8270.0,94300,VND
2015-12-14,8176.0,8270.0,8176.0,8270.0,52100,VND
2015-12-15,8270.0,8364.0,8176.0,8364.0,144600,VND
2015-12-16,8270.0,8458.0,8270.0,8364.0,199000,VND
2015-12-17,8270.0,8646.0,8270.0,8364.0,254200,VND
2015-12-18,8364.0,8458.0,8270.0,8458.0,76000,VND
2015-12-21,8458.0,8458.0,8270.0,8458.0,96100,VND
2015-12-22,8458.0,8552.0,8364.0,8458.0,79900,VND
2015-12-23,8458.0,8552.0,8270.0,8458.0,99200,VND
2015-12-24,8364.0,8364.0,8176.0,8270.0,69900,VND
2015-12-25,8270.0,8270.0,8082.0,8082.0,42000,VND
2015-12-28,8082.0,8270.0,8082.0,8082.0,79100,VND
2015-12-29,8082.0,8082.0,7894.0,8082.0,41100,VND
2015-12-30,8082.0,8740.0,8082.0,8646.0,454900,VND
2015-12-31,8740.0,8834.0,8646.0,8646.0,432300,VND
2016-01-04,8646.0,9492.0,8646.0,9492.0,1538100,VND
2016-01-05,9492.0,10055.0,9398.0,9773.0,1550450,VND
2016-01-06,9773.0,9867.0,9680.0,9680.0,543600,VND
2016-01-07,9680.0,9680.0,9304.0,9586.0,859700,VND
2016-01-08,9492.0,9492.0,9116.0,9116.0,694890,VND
2016-01-11,9022.0,9022.0,8364.0,8646.0,570300,VND
2016-01-12,8552.0,8740.0,8458.0,8646.0,869300,VND
2016-01-13,8834.0,9210.0,8834.0,9116.0,713100,VND
2016-01-14,9304.0,9773.0,8552.0,8834.0,739710,VND
2016-01-15,8834.0,8928.0,8458.0,8646.0,900600,VND
2016-01-18,8458.0,8458.0,7894.0,7894.0,515300,VND
2016-01-19,8082.0,8552.0,8082.0,8364.0,561200,VND
2016-01-20,8364.0,8458.0,8082.0,8082.0,409900,VND
2016-01-21,8176.0,8176.0,7894.0,7894.0,338000,VND
2016-01-22,7988.0,8176.0,7800.0,7894.0,416200,VND
2016-01-25,8176.0,8458.0,8082.0,8176.0,1028900,VND
2016-01-26,8176.0,8176.0,7800.0,7800.0,909100,VND
2016-01-27,7800.0,8176.0,7800.0,8176.0,723550,VND
2016-01-28,8082.0,8270.0,7894.0,7988.0,631500,VND
2016-01-29,7988.0,8270.0,7800.0,7988.0,990850,VND
2016-02-01,7988.0,8176.0,7988.0,8082.0,323730,VND
2016-02-02,8082.0,8176.0,7894.0,7988.0,156930,VND
2016-02-03,7894.0,7988.0,7800.0,7894.0,301650,VND
2016-02-04,7988.0,8176.0,7988.0,7988.0,292283,VND
2016-02-05,7988.0,8082.0,7894.0,8082.0,216780,VND
2016-02-15,8082.0,8082.0,7800.0,7894.0,75328,VND
2016-02-16,7988.0,8082.0,7800.0,7988.0,278282,VND
2016-02-17,7988.0,7988.0,7894.0,7894.0,98841,VND
2016-02-18,7988.0,8082.0,7988.0,7988.0,237794,VND
2016-02-19,7988.0,7988.0,7894.0,7988.0,392710,VND
2016-02-22,7988.0,7988.0,7800.0,7894.0,433480,VND
2016-02-23,7894.0,8364.0,7894.0,8082.0,683724,VND
2016-02-24,7988.0,8364.0,7988.0,7988.0,566360,VND
2016-02-25,8082.0,8082.0,7894.0,7894.0,171294,VND
2016-02-26,7894.0,7988.0,7800.0,7894.0,177880,VND
2016-02-29,7800.0,7988.0,7800.0,7800.0,166110,VND
2016-03-01,7800.0,7988.0,7800.0,7894.0,116304,VND
2016-03-02,7988.0,7988.0,7894.0,7894.0,203100,VND
2016-03-03,7988.0,8082.0,7894.0,7988.0,250210,VND
2016-03-04,7988.0,8082.0,7894.0,7894.0,134300,VND
2016-03-07,7894.0,7894.0,7800.0,7800.0,185076,VND
2016-03-08,7800.0,7800.0,7612.0,7706.0,209800,VND
2016-03-09,7800.0,7894.0,7706.0,7706.0,292500,VND
2016-03-10,7800.0,7800.0,7612.0,7706.0,208767,VND
2016-03-11,7706.0,7800.0,7612.0,7706.0,222600,VND
2016-03-14,7706.0,7706.0,7518.0,7518.0,333900,VND
2016-03-15,7518.0,7612.0,7236.0,7330.0,337220,VND
2016-03-16,7236.0,7518.0,7236.0,7518.0,138267,VND
2016-03-17,7518.0,7706.0,7424.0,7424.0,384700,VND
2016-03-18,7424.0,7612.0,7424.0,7518.0,168921,VND
2016-03-21,7424.0,7518.0,7330.0,7330.0,91140,VND
2016-03-22,7424.0,7424.0,7330.0,7330.0,113286,VND
2016-03-23,7424.0,7612.0,7048.0,7518.0,929620,VND
2016-03-24,7518.0,7612.0,7330.0,7518.0,162838,VND
2016-03-25,7424.0,7894.0,7330.0,7706.0,801700,VND
2016-03-28,7612.0,7706.0,7518.0,7706.0,709013,VND
2016-03-29,7518.0,7706.0,7330.0,7330.0,564900,VND
2016-03-30,7236.0,7518.0,7236.0,7236.0,834740,VND
2016-03-31,7236.0,7424.0,7236.0,7236.0,190600,VND
2016-04-01,7330.0,7330.0,7142.0,7236.0,377000,VND
2016-04-04,7236.0,7236.0,6766.0,6860.0,367878,VND
2016-04-05,6860.0,7048.0,6672.0,6766.0,490200,VND
2016-04-06,6766.0,6860.0,6578.0,6672.0,684141,VND
2016-04-07,6860.0,7330.0,6860.0,7330.0,644820,VND
2016-04-08,7518.0,7518.0,7142.0,7330.0,684020,VND
2016-04-11,7330.0,7518.0,7142.0,7142.0,627400,VND
2016-04-12,7236.0,7330.0,7048.0,7142.0,583964,VND
2016-04-13,7142.0,7236.0,6954.0,7142.0,747810,VND
2016-04-14,7048.0,7330.0,7048.0,7142.0,834910,VND
2016-04-15,7142.0,7236.0,6954.0,6954.0,879800,VND
2016-04-19,6954.0,6954.0,6766.0,6766.0,176600,VND
2016-04-20,6766.0,6860.0,6672.0,6766.0,814668,VND
2016-04-21,6766.0,6766.0,6578.0,6578.0,696900,VND
2016-04-22,6578.0,6860.0,6578.0,6860.0,851260,VND
2016-04-25,6860.0,7142.0,6766.0,7142.0,858864,VND
2016-04-26,7142.0,7142.0,6954.0,7048.0,476300,VND
2016-04-27,6954.0,7142.0,6954.0,7048.0,367670,VND
2016-04-28,7142.0,7142.0,6860.0,6860.0,416983,VND
2016-04-29,6860.0,6954.0,6860.0,6954.0,153005,VND
2016-05-04,6954.0,7048.0,6860.0,6954.0,230200,VND
2016-05-05,6860.0,6954.0,6766.0,6766.0,246900,VND
2016-05-06,6766.0,6954.0,6672.0,6766.0,328800,VND
2016-05-09,6766.0,6766.0,6578.0,6766.0,246100,VND
2016-05-10,6672.0,6766.0,6578.0,6672.0,136300,VND
2016-05-11,6766.0,6954.0,6672.0,6860.0,558552,VND
2016-05-12,6954.0,7048.0,6860.0,6954.0,526800,VND
2016-05-13,6954.0,7048.0,6766.0,6766.0,306400,VND
2016-05-16,6860.0,6860.0,6672.0,6766.0,251000,VND
2016-05-17,6766.0,6860.0,6766.0,6860.0,170400,VND
2016-05-18,6860.0,6860.0,6766.0,6860.0,89479,VND
2016-05-19,6860.0,6954.0,6766.0,6860.0,141500,VND
2016-05-20,6860.0,6860.0,6766.0,6860.0,26800,VND
2016-05-23,6860.0,6954.0,6766.0,6954.0,198829,VND
2016-05-24,6860.0,6954.0,6860.0,6954.0,80182,VND
2016-05-25,6954.0,7330.0,6860.0,7236.0,1151710,VND
2016-05-26,7236.0,7518.0,7142.0,7330.0,579800,VND
2016-05-27,7330.0,7424.0,7048.0,7424.0,392900,VND
2016-05-30,7236.0,7424.0,7236.0,7330.0,646800,VND
2016-05-31,7236.0,7330.0,7048.0,7048.0,805800,VND
2016-06-01,7048.0,7048.0,6860.0,7048.0,251360,VND
2016-06-02,7048.0,7236.0,7048.0,7236.0,172600,VND
2016-06-03,7236.0,7236.0,7048.0,7236.0,67600,VND
2016-06-06,7142.0,7236.0,6954.0,7142.0,280960,VND
2016-06-07,7048.0,7142.0,7048.0,7048.0,234634,VND
2016-06-08,7048.0,7142.0,7048.0,7048.0,482429,VND
2016-06-09,7048.0,7330.0,7048.0,7330.0,326665,VND
2016-06-10,7330.0,7424.0,7142.0,7236.0,353200,VND
2016-06-13,7142.0,7330.0,7142.0,7236.0,387560,VND
2016-06-14,7424.0,7800.0,7236.0,7612.0,768710,VND
2016-06-15,7706.0,7706.0,7518.0,7706.0,461970,VND
2016-06-16,7706.0,7800.0,7518.0,7612.0,436830,VND
2016-06-17,7612.0,7988.0,7518.0,7800.0,608400,VND
2016-06-20,7706.0,7988.0,7706.0,7988.0,415660,VND
2016-06-21,7800.0,7988.0,7800.0,7800.0,369580,VND
2016-06-22,7800.0,7988.0,7706.0,7988.0,377008,VND
2016-06-23,7894.0,7988.0,7800.0,7800.0,650766,VND
2016-06-24,7500.0,7500.0,6700.0,7200.0,600330,VND
2016-06-27,7100.0,7200.0,6800.0,7200.0,219630,VND
2016-06-28,7000.0,7100.0,6900.0,7100.0,276700,VND
2016-06-29,6900.0,7100.0,6800.0,7100.0,280505,VND
2016-06-30,7100.0,7200.0,6900.0,7100.0,337270,VND
2016-07-01,7000.0,7200.0,6800.0,7200.0,331700,VND
2016-07-04,7100.0,7300.0,7000.0,7300.0,497700,VND
2016-07-05,7200.0,7400.0,7100.0,7400.0,496560,VND
2016-07-06,7300.0,7400.0,7200.0,7400.0,402700,VND
2016-07-07,7400.0,7600.0,7300.0,7600.0,622300,VND
2016-07-08,7500.0,7600.0,7400.0,7600.0,368500,VND
2016-07-11,7400.0,7600.0,7200.0,7300.0,343081,VND
2016-07-12,7300.0,7300.0,7100.0,7300.0,295330,VND
2016-07-13,7300.0,7400.0,7100.0,7300.0,364300,VND
2016-07-14,7200.0,7300.0,7100.0,7100.0,385350,VND
2016-07-15,7200.0,7200.0,7100.0,7200.0,108844,VND
2016-07-18,7200.0,7300.0,7100.0,7100.0,101600,VND
2016-07-19,7200.0,7200.0,7100.0,7200.0,55200,VND
2016-07-20,7200.0,7200.0,7000.0,7100.0,164210,VND
2016-07-21,7200.0,7200.0,7000.0,7000.0,107400,VND
2016-07-22,7000.0,7100.0,6800.0,6900.0,138400,VND
2016-07-25,7000.0,7000.0,6800.0,6900.0,44252,VND
2016-07-26,7000.0,7000.0,6700.0,6900.0,166000,VND
2016-07-27,7000.0,7000.0,6800.0,6900.0,225920,VND
2016-07-28,6900.0,7000.0,6800.0,6900.0,51220,VND
2016-07-29,6900.0,6900.0,6700.0,6900.0,252000,VND
2016-08-01,7000.0,7000.0,6600.0,6900.0,211020,VND
2016-08-02,6900.0,6900.0,6500.0,6800.0,417600,VND
2016-08-03,6800.0,6800.0,6600.0,6800.0,105852,VND
2016-08-04,6800.0,6800.0,6400.0,6500.0,250600,VND
2016-08-05,6200.0,6300.0,6200.0,6200.0,103640,VND
2016-08-08,6300.0,6500.0,6200.0,6500.0,43908,VND
2016-08-09,6500.0,6600.0,6300.0,6400.0,124800,VND
2016-08-10,6400.0,6500.0,6300.0,6400.0,134250,VND
2016-08-11,6400.0,6500.0,6300.0,6300.0,208400,VND
2016-08-12,6300.0,6400.0,6200.0,6400.0,137852,VND
2016-08-15,6400.0,6600.0,6300.0,6400.0,203512,VND
2016-08-16,6400.0,6400.0,6300.0,6400.0,143180,VND
2016-08-17,6400.0,6600.0,6300.0,6500.0,287830,VND
2016-08-18,6400.0,6500.0,6300.0,6500.0,197600,VND
2016-08-19,6000.0,6500.0,6000.0,6500.0,249400,VND
2016-08-22,6300.0,6400.0,6200.0,6400.0,218900,VND
2016-08-23,6300.0,6400.0,6300.0,6400.0,151327,VND
2016-08-24,6300.0,6400.0,6200.0,6300.0,98863,VND
2016-08-25,6200.0,6400.0,6200.0,6300.0,104880,VND
2016-08-26,6300.0,6400.0,6200.0,6400.0,238123,VND
2016-08-29,6200.0,6300.0,6200.0,6300.0,109690,VND
2016-08-30,6200.0,6300.0,6100.0,6200.0,140100,VND
2016-08-31,6200.0,6200.0,6000.0,6100.0,185034,VND
2016-09-01,6100.0,6100.0,5700.0,6000.0,220521,VND
2016-09-05,6200.0,6200.0,6000.0,6100.0,30800,VND
2016-09-06,6100.0,6100.0,5600.0,5600.0,195000,VND
2016-09-07,5800.0,5900.0,5600.0,5800.0,80700,VND
2016-09-08,5600.0,5800.0,5600.0,5800.0,139600,VND
2016-09-09,5600.0,5800.0,5600.0,5800.0,146727,VND
2016-09-12,5600.0,5700.0,5500.0,5600.0,184200,VND
2016-09-13,5600.0,5600.0,5500.0,5600.0,102100,VND
2016-09-14,5600.0,5700.0,5500.0,5600.0,132424,VND
2016-09-15,5600.0,5600.0,5400.0,5500.0,177100,VND
2016-09-16,5500.0,5500.0,5300.0,5500.0,149800,VND
2016-09-19,5300.0,5500.0,5000.0,5100.0,240200,VND
2016-09-20,5100.0,5100.0,4800.0,5000.0,138100,VND
2016-09-21,5000.0,5000.0,4900.0,5000.0,128500,VND
2016-09-22,5100.0,5100.0,4800.0,5000.0,199800,VND
2016-09-23,5000.0,5100.0,5000.0,5000.0,158800,VND
2016-09-26,5000.0,5200.0,5000.0,5200.0,272200,VND
2016-09-27,5200.0,5200.0,5100.0,5200.0,190450,VND
2016-09-28,5100.0,5200.0,5000.0,5200.0,156050,VND
2016-09-29,5100.0,5200.0,5000.0,5200.0,168100,VND
2016-09-30,5100.0,5200.0,5000.0,5000.0,126350,VND
2016-10-03,5100.0,5200.0,5000.0,5200.0,249714,VND
2016-10-04,5100.0,5200.0,4900.0,5000.0,510435,VND
2016-10-05,5000.0,5100.0,4800.0,5000.0,202000,VND
2016-10-06,4900.0,5100.0,4700.0,5000.0,730300,VND
2016-10-07,5000.0,5000.0,4800.0,5000.0,110800,VND
2016-10-10,4900.0,5000.0,4800.0,5000.0,176800,VND
2016-10-11,4900.0,5000.0,4900.0,5000.0,194500,VND
2016-10-12,5000.0,5000.0,4900.0,4900.0,220900,VND
2016-10-13,5000.0,5000.0,4900.0,5000.0,152977,VND
2016-10-14,5000.0,5200.0,4900.0,5200.0,193835,VND
2016-10-17,5100.0,5200.0,5000.0,5200.0,113100,VND
2016-10-18,5200.0,5200.0,5000.0,5200.0,154400,VND
2016-10-19,5200.0,5200.0,5000.0,5200.0,219100,VND
2016-10-20,5000.0,5200.0,5000.0,5200.0,112000,VND
2016-10-21,5100.0,5200.0,5000.0,5200.0,148640,VND
2016-10-24,5000.0,5100.0,5000.0,5100.0,182400,VND
2016-10-25,5100.0,5100.0,5000.0,5000.0,52400,VND
2016-10-26,5100.0,5200.0,5000.0,5200.0,144712,VND
2016-10-27,5100.0,5200.0,5000.0,5200.0,92800,VND
2016-10-28,5100.0,5200.0,5000.0,5100.0,131600,VND
2016-10-31,5100.0,5100.0,5000.0,5100.0,114723,VND
2016-11-01,5000.0,5100.0,5000.0,5000.0,67000,VND
2016-11-02,5000.0,5100.0,4900.0,4900.0,107620,VND
2016-11-03,5000.0,5000.0,4800.0,4800.0,111600,VND
2016-11-04,4900.0,4900.0,4800.0,4900.0,50600,VND
2016-11-07,4800.0,4900.0,4800.0,4900.0,72523,VND
2016-11-08,4800.0,4900.0,4800.0,4900.0,63820,VND
2016-11-09,4800.0,4900.0,4800.0,4800.0,68800,VND
2016-11-10,4800.0,4900.0,4700.0,4900.0,64200,VND
2016-11-11,4900.0,4900.0,4700.0,4900.0,146600,VND
2016-11-14,4900.0,4900.0,4700.0,4800.0,54900,VND
2016-11-15,4700.0,4800.0,4600.0,4800.0,103900,VND
2016-11-16,4700.0,4800.0,4600.0,4700.0,117900,VND
2016-11-17,4700.0,4700.0,4600.0,4700.0,186300,VND
2016-11-18,4600.0,4700.0,4600.0,4700.0,81420,VND
2016-11-21,4600.0,4800.0,4600.0,4600.0,112800,VND
2016-11-22,4600.0,4700.0,4600.0,4700.0,153820,VND
2016-11-23,4600.0,4700.0,4500.0,4700.0,186100,VND
2016-11-24,4600.0,4700.0,4500.0,4600.0,95530,VND
2016-11-25,4500.0,4700.0,4500.0,4700.0,106300,VND
2016-11-28,4600.0,4600.0,4500.0,4600.0,133800,VND
2016-11-29,4500.0,4600.0,4500.0,4600.0,85730,VND
2016-11-30,4500.0,4600.0,4400.0,4500.0,34800,VND
2016-12-01,4500.0,4500.0,4400.0,4500.0,33500,VND
2016-12-02,4500.0,4600.0,4400.0,4400.0,85100,VND
2016-12-05,4300.0,4400.0,4200.0,4300.0,59300,VND
2016-12-06,4300.0,4300.0,4200.0,4300.0,90300,VND
2016-12-07,4200.0,4300.0,4000.0,4300.0,40340,VND
2016-12-08,4200.0,4200.0,4000.0,4000.0,69400,VND
2016-12-09,4000.0,4300.0,4000.0,4200.0,78900,VND
2016-12-12,4100.0,4200.0,4000.0,4100.0,50346,VND
2016-12-13,4000.0,4100.0,3800.0,4000.0,75600,VND
2016-12-14,4000.0,4000.0,3800.0,4000.0,32500,VND
2016-12-15,4000.0,4000.0,3800.0,4000.0,56200,VND
2016-12-16,4000.0,4000.0,4000.0,4000.0,27100,VND
2016-12-19,4000.0,4100.0,4000.0,4100.0,28150,VND
2016-12-20,4000.0,4100.0,3900.0,4100.0,16500,VND
2016-12-21,4100.0,4100.0,4000.0,4100.0,25000,VND
2016-12-22,4100.0,4100.0,3900.0,4100.0,39000,VND
2016-12-23,3900.0,4100.0,3900.0,4100.0,50800,VND
2016-12-26,3900.0,4100.0,3900.0,4100.0,61100,VND
2016-12-27,4000.0,4100.0,4000.0,4100.0,25200,VND
2016-12-28,3900.0,4100.0,3900.0,4100.0,19291,VND
2016-12-29,4100.0,4200.0,4100.0,4200.0,43300,VND
2016-12-30,4300.0,4400.0,4100.0,4400.0,51300,VND
2017-01-03,4400.0,4700.0,4300.0,4700.0,53800,VND
2017-01-04,4600.0,4800.0,4600.0,4800.0,67927,VND
2017-01-05,4800.0,4800.0,4700.0,4800.0,23204,VND
2017-01-06,4800.0,5000.0,4800.0,5000.0,50598,VND
2017-01-09,5000.0,5200.0,5000.0,5200.0,25000,VND
2017-01-10,5200.0,5200.0,5100.0,5100.0,61863,VND
2017-01-11,5100.0,5400.0,5100.0,5300.0,138900,VND
2017-01-12,5300.0,5300.0,5100.0,5300.0,51200,VND
2017-01-13,5200.0,5400.0,5200.0,5400.0,53600,VND
2017-01-16,5400.0,5400.0,5200.0,5200.0,71200,VND
2017-01-17,5200.0,5300.0,5000.0,5300.0,48400,VND
2017-01-18,5200.0,5200.0,5000.0,5200.0,40200,VND
2017-01-19,5000.0,5200.0,5000.0,5200.0,12320,VND
2017-01-20,5100.0,5200.0,5000.0,5200.0,42961,VND
2017-01-23,5000.0,5200.0,5000.0,5200.0,12580,VND
2017-01-24,5200.0,5700.0,5200.0,5300.0,199000,VND
2017-01-25,5300.0,5800.0,5200.0,5800.0,124200,VND
2017-02-02,5700.0,5900.0,5600.0,5900.0,117200,VND
2017-02-03,5900.0,5900.0,5600.0,5600.0,140800,VND
2017-02-06,5500.0,5900.0,5500.0,5900.0,191700,VND
2017-02-07,5700.0,5900.0,5600.0,5900.0,89422,VND
2017-02-08,5900.0,5900.0,5400.0,5900.0,209400,VND
2017-02-09,5700.0,5800.0,5400.0,5800.0,161000,VND
2017-02-10,5700.0,5900.0,5700.0,5800.0,106915,VND
2017-02-13,5600.0,5800.0,5600.0,5800.0,108000,VND
2017-02-14,5600.0,5800.0,5500.0,5700.0,35800,VND
2017-02-15,5500.0,5700.0,5300.0,5400.0,161500,VND
2017-02-16,5600.0,5800.0,5500.0,5800.0,90700,VND
2017-02-17,5500.0,5800.0,5500.0,5800.0,8937,VND
2017-02-20,5600.0,5800.0,5500.0,5800.0,39800,VND
2017-02-21,5500.0,5700.0,5500.0,5500.0,17560,VND
2017-02-22,5600.0,5700.0,5400.0,5700.0,141500,VND
2017-02-23,5400.0,5600.0,5200.0,5600.0,122300,VND
2017-02-24,5600.0,5600.0,5400.0,5600.0,47526,VND
2017-02-27,5300.0,5600.0,5300.0,5500.0,76800,VND
2017-02-28,5400.0,5500.0,5200.0,5500.0,9700,VND
2017-03-01,5200.0,5500.0,5200.0,5500.0,26400,VND
2017-03-03,5200.0,5500.0,5200.0,5500.0,1900,VND
2017-03-06,5300.0,5500.0,5100.0,5500.0,41647,VND
2017-03-07,5200.0,5400.0,5100.0,5200.0,74700,VND
2017-03-08,5200.0,5400.0,5200.0,5400.0,6500,VND
2017-03-09,5400.0,5500.0,5100.0,5400.0,57400,VND
2017-03-10,5100.0,5300.0,5100.0,5300.0,4400,VND
2017-03-13,5100.0,5200.0,5100.0,5200.0,27100,VND
2017-03-14,5100.0,5200.0,5000.0,5100.0,27900,VND
2017-03-15,5100.0,5200.0,5000.0,5200.0,12651,VND
2017-03-16,5100.0,5200.0,5100.0,5200.0,25900,VND
2017-03-17,5000.0,5200.0,5000.0,5100.0,6700,VND
2017-03-20,5100.0,5300.0,5100.0,5200.0,15419,VND
2017-03-21,5100.0,5200.0,5100.0,5200.0,5327,VND
2017-03-22,5100.0,5200.0,5000.0,5200.0,11700,VND
2017-03-23,5100.0,5200.0,5000.0,5200.0,29700,VND
2017-03-24,4900.0,5100.0,4900.0,5100.0,22500,VND
2017-03-27,5000.0,5000.0,5000.0,5000.0,10064,VND
2017-03-28,5000.0,5100.0,5000.0,5100.0,7600,VND
2017-03-29,4900.0,5200.0,4800.0,5200.0,55300,VND
2017-03-30,5100.0,5100.0,5000.0,5000.0,22700,VND
2017-03-31,4900.0,5100.0,4900.0,5000.0,25060,VND
2017-04-03,4900.0,5000.0,4800.0,5000.0,37200,VND
2017-04-04,4900.0,4900.0,4700.0,4800.0,29600,VND
2017-04-05,4900.0,5000.0,4900.0,5000.0,18900,VND
2017-04-07,5000.0,5000.0,5000.0,5000.0,1000,VND
2017-04-10,4900.0,4900.0,4900.0,4900.0,1600,VND
2017-04-11,4900.0,5000.0,4800.0,4800.0,43200,VND
2017-04-12,4900.0,4900.0,4900.0,4900.0,5700,VND
2017-04-13,4900.0,4900.0,4900.0,4900.0,1000,VND
2017-04-14,4900.0,5300.0,4900.0,5200.0,71060,VND
2017-04-17,5200.0,5300.0,5000.0,5200.0,63300,VND
2017-04-18,5200.0,5300.0,5200.0,5200.0,33200,VND
2017-04-19,5200.0,5700.0,5200.0,5700.0,266810,VND
2017-04-20,5700.0,6100.0,5700.0,5900.0,132833,VND
2017-04-21,5900.0,5900.0,5700.0,5900.0,83809,VND
2017-04-24,5800.0,5900.0,5800.0,5800.0,24200,VND
2017-04-25,5700.0,5800.0,5700.0,5700.0,32886,VND
2017-04-26,5700.0,6100.0,5700.0,6100.0,189207,VND
2017-04-27,6100.0,6400.0,6100.0,6200.0,116720,VND
2017-04-28,5800.0,6000.0,5700.0,5700.0,43000,VND
2017-05-03,5800.0,6000.0,5800.0,6000.0,95800,VND
2017-05-04,5800.0,6000.0,5700.0,6000.0,40910,VND
2017-05-05,5800.0,6000.0,5700.0,6000.0,51500,VND
2017-05-08,5800.0,5900.0,5600.0,5800.0,60200,VND
2017-05-09,5500.0,6000.0,5500.0,6000.0,257890,VND
2017-05-10,6000.0,6300.0,6000.0,6300.0,276700,VND
2017-05-11,6300.0,6500.0,6200.0,6400.0,226300,VND
2017-05-12,6200.0,6400.0,6100.0,6300.0,238980,VND
2017-05-15,6300.0,6700.0,6300.0,6700.0,322800,VND
2017-05-16,6700.0,6800.0,6600.0,6700.0,338500,VND
2017-05-17,6700.0,6800.0,6400.0,6700.0,265300,VND
2017-05-18,6700.0,6700.0,6500.0,6700.0,254590,VND
2017-05-19,6700.0,6700.0,6400.0,6600.0,230600,VND
2017-05-22,6600.0,6600.0,6300.0,6600.0,256700,VND
2017-05-23,6600.0,6600.0,6200.0,6400.0,209310,VND
2017-05-24,6300.0,6300.0,6000.0,6200.0,156000,VND
2017-05-25,6200.0,6200.0,5900.0,6100.0,286100,VND
2017-05-26,6000.0,6300.0,6000.0,6300.0,348875,VND
2017-05-29,6300.0,6500.0,6000.0,6400.0,286500,VND
2017-05-30,6400.0,6400.0,5900.0,6200.0,159900,VND
2017-05-31,6100.0,6200.0,6000.0,6200.0,305800,VND
2017-06-01,6200.0,6500.0,6200.0,6300.0,150688,VND
2017-06-02,6300.0,6500.0,5900.0,6300.0,207500,VND
2017-06-05,6200.0,6200.0,6000.0,6100.0,165637,VND
2017-06-06,6100.0,6100.0,5900.0,6100.0,97400,VND
2017-06-07,6100.0,6600.0,5700.0,6500.0,421180,VND
2017-06-08,6500.0,6900.0,6500.0,6800.0,369800,VND
2017-06-09,6800.0,7100.0,6700.0,7000.0,214800,VND
2017-06-12,7000.0,7100.0,6800.0,7000.0,188017,VND
2017-06-13,7000.0,7000.0,6600.0,6900.0,157100,VND
2017-06-14,6900.0,7000.0,6600.0,6900.0,221300,VND
2017-06-15,6900.0,6900.0,6500.0,6800.0,168248,VND
2017-06-16,6800.0,6800.0,6300.0,6700.0,187720,VND
2017-06-19,6700.0,6700.0,6400.0,6700.0,133200,VND
2017-06-20,6700.0,6700.0,6300.0,6600.0,274000,VND
2017-06-21,6600.0,6600.0,6300.0,6500.0,93000,VND
2017-06-22,6500.0,6500.0,6200.0,6400.0,230320,VND
2017-06-23,6400.0,6400.0,6100.0,6100.0,172200,VND
2017-06-26,6100.0,6700.0,6000.0,6700.0,180796,VND
2017-06-27,6700.0,6700.0,6300.0,6300.0,148800,VND
2017-06-28,6200.0,6400.0,6200.0,6300.0,141100,VND
2017-06-29,6200.0,6300.0,6100.0,6300.0,136700,VND
2017-06-30,6300.0,6400.0,6200.0,6400.0,214900,VND
2017-07-03,6400.0,6400.0,6200.0,6300.0,158200,VND
2017-07-04,6300.0,6400.0,6200.0,6300.0,93600,VND
2017-07-05,6300.0,6500.0,6300.0,6400.0,324200,VND
2017-07-06,6400.0,6600.0,6400.0,6500.0,404060,VND
2017-07-07,6500.0,7100.0,6500.0,7000.0,832830,VND
2017-07-10,7000.0,7000.0,6600.0,6700.0,169000,VND
2017-07-11,6700.0,6800.0,6500.0,6500.0,180200,VND
2017-07-12,6500.0,6600.0,6300.0,6400.0,275142,VND
2017-07-13,6400.0,6500.0,6200.0,6400.0,205124,VND
2017-07-14,6400.0,6400.0,6300.0,6400.0,149700,VND
2017-07-17,6300.0,6500.0,6300.0,6400.0,412200,VND
2017-07-18,6400.0,6500.0,6300.0,6500.0,181072,VND
2017-07-19,6500.0,6700.0,6500.0,6700.0,196496,VND
2017-07-20,6600.0,6700.0,6500.0,6700.0,159500,VND
2017-07-21,6500.0,6600.0,6400.0,6500.0,114400,VND
2017-07-24,6400.0,6400.0,6100.0,6200.0,167500,VND
2017-07-25,6000.0,6300.0,5900.0,6200.0,109400,VND
2017-07-26,6200.0,6300.0,6200.0,6200.0,60542,VND
2017-07-27,6300.0,6300.0,6200.0,6300.0,91000,VND
2017-07-28,6200.0,6300.0,6200.0,6300.0,78700,VND
2017-07-31,6200.0,6200.0,5700.0,5700.0,423556,VND
2017-08-01,5700.0,5700.0,5500.0,5600.0,155840,VND
2017-08-02,5500.0,5600.0,5500.0,5500.0,111742,VND
2017-08-03,5400.0,5600.0,5400.0,5600.0,104750,VND
2017-08-04,5500.0,5600.0,5500.0,5600.0,107672,VND
2017-08-07,5600.0,5700.0,5400.0,5700.0,141646,VND
2017-08-08,5600.0,5700.0,5500.0,5500.0,178700,VND
2017-08-09,5500.0,5900.0,5500.0,5700.0,332869,VND
2017-08-10,5500.0,5700.0,5500.0,5500.0,135700,VND
2017-08-11,5500.0,5600.0,5500.0,5600.0,92700,VND
2017-08-14,5600.0,5600.0,5500.0,5600.0,61400,VND
2017-08-15,5600.0,5700.0,5500.0,5700.0,164990,VND
2017-08-16,5600.0,5700.0,5500.0,5500.0,96400,VND
2017-08-17,5500.0,5600.0,5400.0,5600.0,92812,VND
2017-08-18,5500.0,5600.0,5400.0,5500.0,112400,VND
2017-08-21,5400.0,5500.0,5400.0,5500.0,66400,VND
2017-08-22,5400.0,5500.0,5400.0,5400.0,80400,VND
2017-08-23,5400.0,5500.0,5300.0,5500.0,114900,VND
2017-08-24,5400.0,5400.0,5300.0,5300.0,94300,VND
2017-08-25,5300.0,5300.0,4900.0,5000.0,222563,VND
2017-08-28,5000.0,5200.0,5000.0,5200.0,70300,VND
2017-08-29,5100.0,5300.0,5100.0,5200.0,95100,VND
2017-08-30,5200.0,5200.0,5100.0,5200.0,61600,VND
2017-08-31,5200.0,5200.0,5100.0,5100.0,63400,VND
2017-09-01,5100.0,5200.0,5100.0,5200.0,157500,VND
2017-09-05,5200.0,5200.0,5100.0,5200.0,31780,VND
2017-09-06,5100.0,5200.0,5000.0,5200.0,81900,VND
2017-09-07,5200.0,5200.0,5000.0,5100.0,83950,VND
2017-09-08,5000.0,5100.0,4900.0,5000.0,167300,VND
2017-09-11,5000.0,5000.0,4900.0,5000.0,34400,VND
2017-09-12,4900.0,4900.0,4900.0,4900.0,24300,VND
2017-09-13,4800.0,5000.0,4800.0,5000.0,95247,VND
2017-09-14,5000.0,5000.0,4900.0,5000.0,89310,VND
2017-09-15,4500.0,4900.0,4500.0,4800.0,86500,VND
2017-09-18,4900.0,5200.0,4900.0,5200.0,96710,VND
2017-09-19,5200.0,5400.0,5200.0,5400.0,100200,VND
2017-09-20,5300.0,5400.0,5200.0,5300.0,94012,VND
2017-09-21,5200.0,5300.0,5200.0,5200.0,79800,VND
2017-09-22,5200.0,5400.0,5000.0,5200.0,162500,VND
2017-09-25,5100.0,5200.0,5000.0,5000.0,125210,VND
2017-09-26,4900.0,5100.0,4900.0,5100.0,70200,VND
2017-09-27,5000.0,5100.0,4900.0,5100.0,353510,VND
2017-09-28,5000.0,5100.0,4900.0,5000.0,70000,VND
2017-09-29,4900.0,5000.0,4900.0,5000.0,79500,VND
2017-10-02,5000.0,5000.0,4900.0,5000.0,20200,VND
2017-10-03,4900.0,5000.0,4800.0,4800.0,37810,VND
2017-10-04,4800.0,5000.0,4800.0,4900.0,163000,VND
2017-10-05,4900.0,5000.0,4800.0,4900.0,62300,VND
2017-10-06,4900.0,5000.0,4900.0,5000.0,62400,VND
2017-10-09,5000.0,5000.0,5000.0,5000.0,9859,VND
2017-10-10,5000.0,5000.0,4800.0,4800.0,92300,VND
2017-10-11,4800.0,4900.0,4800.0,4800.0,32300,VND
2017-10-12,4900.0,4900.0,4800.0,4800.0,32379,VND
2017-10-13,4800.0,5000.0,4800.0,4900.0,150100,VND
2017-10-16,4800.0,5000.0,4800.0,5000.0,122900,VND
2017-10-17,5000.0,5100.0,4900.0,5000.0,145921,VND
2017-10-18,5000.0,5000.0,4900.0,4900.0,92101,VND
2017-10-19,4900.0,5000.0,4800.0,4900.0,93400,VND
2017-10-20,4800.0,4900.0,4800.0,4900.0,86800,VND
2017-10-23,4900.0,5000.0,4800.0,4800.0,79400,VND
2017-10-24,4800.0,4900.0,4700.0,4900.0,57100,VND
2017-10-25,4800.0,4900.0,4700.0,4800.0,82560,VND
2017-10-26,4800.0,4800.0,4700.0,4800.0,62000,VND
2017-10-27,4800.0,4800.0,4700.0,4800.0,81800,VND
2017-10-30,4700.0,4800.0,4500.0,4700.0,94100,VND
2017-10-31,4700.0,4700.0,4400.0,4600.0,133860,VND
2017-11-01,4500.0,4600.0,4400.0,4400.0,70400,VND
2017-11-02,4500.0,4600.0,4300.0,4300.0,108800,VND
2017-11-03,4300.0,4300.0,4100.0,4200.0,127400,VND
2017-11-06,4200.0,4300.0,4100.0,4100.0,130100,VND
2017-11-07,4100.0,4200.0,4000.0,4100.0,123100,VND
2017-11-08,4100.0,4200.0,4000.0,4200.0,172900,VND
2017-11-09,4200.0,4300.0,4100.0,4200.0,53600,VND
2017-11-10,4200.0,4200.0,4100.0,4200.0,50763,VND
2017-11-13,4100.0,4200.0,4000.0,4100.0,69000,VND
2017-11-14,4000.0,4100.0,4000.0,4100.0,157700,VND
2017-11-15,4100.0,4200.0,4000.0,4200.0,70863,VND
2017-11-16,4100.0,4300.0,4100.0,4200.0,49472,VND
2017-11-17,4200.0,4300.0,4200.0,4300.0,56340,VND
2017-11-20,4300.0,4400.0,4200.0,4300.0,19000,VND
2017-11-21,4200.0,4300.0,4100.0,4200.0,69780,VND
2017-11-22,4200.0,4300.0,4000.0,4300.0,105500,VND
2017-11-23,4300.0,4400.0,4300.0,4300.0,37200,VND
2017-11-24,4300.0,4300.0,4100.0,4300.0,104483,VND
2017-11-27,4300.0,4400.0,4300.0,4400.0,53210,VND
2017-11-28,4400.0,4400.0,4300.0,4400.0,115400,VND
2017-11-29,4400.0,4400.0,4300.0,4400.0,95800,VND
2017-11-30,4400.0,4400.0,4200.0,4300.0,116700,VND
2017-12-01,4300.0,4300.0,4200.0,4300.0,75000,VND
2017-12-04,4300.0,4300.0,4100.0,4200.0,84613,VND
2017-12-05,4300.0,4300.0,4200.0,4200.0,115360,VND
2017-12-06,4300.0,4300.0,4200.0,4200.0,146000,VND
2017-12-07,4200.0,4300.0,4100.0,4200.0,117130,VND
2017-12-08,4300.0,4300.0,4100.0,4200.0,103100,VND
2017-12-11,4100.0,4200.0,4100.0,4100.0,65220,VND
2017-12-12,4200.0,4200.0,4000.0,4100.0,246200,VND
2017-12-13,4100.0,4200.0,4000.0,4200.0,102600,VND
2017-12-14,4200.0,4200.0,4100.0,4200.0,88100,VND
2017-12-15,4200.0,4300.0,4100.0,4300.0,129500,VND
2017-12-18,4200.0,4300.0,4200.0,4300.0,89127,VND
2017-12-19,4300.0,4300.0,4200.0,4200.0,104860,VND
2017-12-20,4200.0,4300.0,4200.0,4200.0,80300,VND
2017-12-21,4200.0,4300.0,4100.0,4100.0,103039,VND
2017-12-22,4200.0,4200.0,4000.0,4100.0,92700,VND
2017-12-25,4100.0,4200.0,4100.0,4100.0,98400,VND
2017-12-26,4100.0,4200.0,4000.0,4200.0,109001,VND
2017-12-27,4200.0,4200.0,4100.0,4100.0,101920,VND
2017-12-28,4200.0,4200.0,4100.0,4200.0,111610,VND
2017-12-29,4200.0,4200.0,4100.0,4200.0,67100,VND
2018-01-02,4200.0,4200.0,4100.0,4100.0,72300,VND
2018-01-03,4200.0,4200.0,4100.0,4200.0,87490,VND
2018-01-04,4200.0,4400.0,4100.0,4400.0,168256,VND
2018-01-05,4400.0,4500.0,4100.0,4200.0,124319,VND
2018-01-08,4200.0,4300.0,4100.0,4300.0,100280,VND
2018-01-09,4300.0,4300.0,4100.0,4200.0,167524,VND
2018-01-10,4200.0,4500.0,4200.0,4300.0,283770,VND
2018-01-11,4300.0,4700.0,4300.0,4700.0,498052,VND
2018-01-12,4700.0,4900.0,4600.0,4800.0,146030,VND
2018-01-15,4800.0,4800.0,4500.0,4600.0,88900,VND
2018-01-16,4500.0,4600.0,4300.0,4500.0,135280,VND
2018-01-17,4400.0,4500.0,4300.0,4300.0,72311,VND
2018-01-18,4300.0,4400.0,4200.0,4400.0,93800,VND
2018-01-19,4400.0,4500.0,4300.0,4500.0,81860,VND
2018-01-22,4400.0,4400.0,4200.0,4200.0,136600,VND
2018-01-23,4300.0,4400.0,4200.0,4200.0,188130,VND
2018-01-24,4200.0,4400.0,4200.0,4300.0,171890,VND
2018-01-25,4200.0,4400.0,4200.0,4400.0,110600,VND
2018-01-26,4400.0,4400.0,4200.0,4300.0,115500,VND
2018-01-29,4300.0,4400.0,4200.0,4200.0,94700,VND
2018-01-30,4300.0,4400.0,4200.0,4400.0,118550,VND
2018-01-31,4300.0,4400.0,4200.0,4200.0,93600,VND
2018-02-01,4200.0,4300.0,4200.0,4200.0,73800,VND
2018-02-02,4200.0,4200.0,4100.0,4200.0,44463,VND
2018-02-05,4200.0,4200.0,4000.0,4100.0,92809,VND
2018-02-06,3900.0,4000.0,3700.0,3900.0,144330,VND
2018-02-07,4000.0,4000.0,3900.0,4000.0,61200,VND
2018-02-08,4000.0,4100.0,4000.0,4000.0,55538,VND
2018-02-09,3900.0,4000.0,3700.0,3900.0,92300,VND
2018-02-12,3900.0,4000.0,3900.0,4000.0,76500,VND
2018-02-13,4100.0,4100.0,4000.0,4100.0,64700,VND
2018-02-21,4100.0,4200.0,4100.0,4200.0,90706,VND
2018-02-22,4200.0,4200.0,4000.0,4200.0,73100,VND
2018-02-23,4200.0,4200.0,4000.0,4200.0,50600,VND
2018-02-26,4200.0,4200.0,4000.0,4100.0,40626,VND
2018-02-27,4100.0,4100.0,4000.0,4100.0,51200,VND
2018-02-28,4100.0,4100.0,4000.0,4000.0,32300,VND
2018-03-01,4000.0,4100.0,4000.0,4100.0,51000,VND
2018-03-02,4100.0,4100.0,4000.0,4100.0,40700,VND
2018-03-05,4000.0,4100.0,4000.0,4100.0,60700,VND
2018-03-06,4000.0,4100.0,4000.0,4100.0,48300,VND
2018-03-07,4000.0,4100.0,4000.0,4000.0,33400,VND
2018-03-08,4000.0,4100.0,3900.0,4100.0,24500,VND
2018-03-09,4000.0,4000.0,4000.0,4000.0,31000,VND
2018-03-12,4000.0,4000.0,3900.0,4000.0,53600,VND
2018-03-13,4000.0,4000.0,4000.0,4000.0,86800,VND
2018-03-14,4000.0,4000.0,3900.0,3900.0,40276,VND
2018-03-15,3900.0,4000.0,3900.0,4000.0,26800,VND
2018-03-16,3900.0,4000.0,3800.0,3900.0,69200,VND
2018-03-19,3900.0,4000.0,3900.0,4000.0,34200,VND
2018-03-20,4000.0,4000.0,3900.0,3900.0,26400,VND
2018-03-21,3900.0,4000.0,3800.0,3900.0,45300,VND
2018-03-22,3900.0,4000.0,3900.0,3900.0,49000,VND
2018-03-23,4000.0,4000.0,3900.0,4000.0,16700,VND
2018-03-26,3900.0,4000.0,3900.0,4000.0,30890,VND
2018-03-27,3900.0,4000.0,3900.0,4000.0,22100,VND
2018-03-28,3900.0,4100.0,3800.0,3900.0,101900,VND
2018-03-29,3900.0,3900.0,3900.0,3900.0,25950,VND
2018-03-30,3900.0,4000.0,3900.0,4000.0,37400,VND
2018-04-02,4000.0,4000.0,3900.0,3900.0,31700,VND
2018-04-03,4000.0,4000.0,3900.0,3900.0,23400,VND
2018-04-04,3800.0,3900.0,3800.0,3900.0,34700,VND
2018-04-05,3800.0,4000.0,3800.0,3900.0,27500,VND
2018-04-06,3900.0,4100.0,3900.0,4100.0,43200,VND
2018-04-09,4100.0,4400.0,4100.0,4200.0,103000,VND
2018-04-10,4200.0,4300.0,4200.0,4300.0,36110,VND
2018-04-11,4200.0,4200.0,4000.0,4000.0,22589,VND
2018-04-12,4000.0,4100.0,4000.0,4100.0,36420,VND
2018-04-13,4000.0,4200.0,4000.0,4100.0,50500,VND
2018-04-16,4100.0,4200.0,4000.0,4100.0,50400,VND
2018-04-17,4100.0,4100.0,4000.0,4000.0,44100,VND
2018-04-18,4100.0,4200.0,4000.0,4100.0,45500,VND
2018-04-19,4100.0,4200.0,4000.0,4200.0,58800,VND
2018-04-20,4200.0,4200.0,4100.0,4200.0,38200,VND
2018-04-23,4200.0,4200.0,4000.0,4000.0,28300,VND
2018-04-24,4000.0,4100.0,3900.0,4000.0,38800,VND
2018-04-26,4000.0,4000.0,4000.0,4000.0,50100,VND
2018-04-27,4000.0,4100.0,3900.0,4100.0,60200,VND
2018-05-02,4000.0,4000.0,4000.0,4000.0,5930,VND
2018-05-03,4000.0,4000.0,3800.0,4000.0,112700,VND
2018-05-04,4000.0,4000.0,3900.0,4000.0,23500,VND
2018-05-07,4000.0,4100.0,3900.0,4000.0,96300,VND
2018-05-08,4000.0,4100.0,4000.0,4000.0,53110,VND
2018-05-09,4000.0,4000.0,3900.0,4000.0,66000,VND
2018-05-10,4000.0,4100.0,4000.0,4000.0,41794,VND
2018-05-11,4000.0,4000.0,3900.0,4000.0,34500,VND
2018-05-14,4000.0,4100.0,3900.0,4000.0,33320,VND
2018-05-15,4000.0,4100.0,4000.0,4000.0,54600,VND
2018-05-16,4000.0,4100.0,4000.0,4100.0,61100,VND
2018-05-17,4100.0,4200.0,4100.0,4200.0,36400,VND
2018-05-18,4200.0,4200.0,4200.0,4200.0,18300,VND
2018-05-21,4100.0,4300.0,4100.0,4200.0,28800,VND
2018-05-22,4300.0,4300.0,4000.0,4200.0,78630,VND
2018-05-23,4200.0,4200.0,4000.0,4000.0,74900,VND
2018-05-24,4100.0,4200.0,3900.0,4100.0,49000,VND
2018-05-25,4100.0,4200.0,4100.0,4100.0,34800,VND
2018-05-28,4100.0,4100.0,3900.0,3900.0,60800,VND
2018-05-29,4000.0,4000.0,3900.0,4000.0,29600,VND
2018-05-30,4000.0,4100.0,4000.0,4100.0,6900,VND
2018-05-31,4100.0,4100.0,4000.0,4100.0,6800,VND
2018-06-01,4100.0,4100.0,4100.0,4100.0,3280,VND
2018-06-04,4000.0,4200.0,4000.0,4200.0,10100,VND
2018-06-05,4100.0,4200.0,4000.0,4200.0,17300,VND
2018-06-06,4200.0,4200.0,4100.0,4200.0,26700,VND
2018-06-07,4200.0,4200.0,4100.0,4100.0,13700,VND
2018-06-08,4200.0,4200.0,4100.0,4200.0,40300,VND
2018-06-11,4200.0,4300.0,4200.0,4200.0,22420,VND
2018-06-12,4200.0,4300.0,4000.0,4100.0,56300,VND
2018-06-13,4100.0,4200.0,4100.0,4200.0,31900,VND
2018-06-14,4200.0,4200.0,4100.0,4100.0,17131,VND
2018-06-15,4200.0,4200.0,4100.0,4100.0,29600,VND
2018-06-18,4200.0,4200.0,4100.0,4100.0,21300,VND
2018-06-19,4000.0,4100.0,4000.0,4000.0,35880,VND
2018-06-20,4000.0,4000.0,4000.0,4000.0,15000,VND
2018-06-21,4100.0,4100.0,4000.0,4100.0,33900,VND
2018-06-22,4100.0,4200.0,4100.0,4200.0,21608,VND
2018-06-25,4100.0,4200.0,4000.0,4100.0,37970,VND
2018-06-26,4000.0,4000.0,4000.0,4000.0,22500,VND
2018-06-27,4000.0,4000.0,4000.0,4000.0,12030,VND
2018-06-28,3900.0,4000.0,3900.0,4000.0,22100,VND
2018-06-29,4000.0,4000.0,3900.0,4000.0,22300,VND
2018-07-02,3900.0,4000.0,3900.0,4000.0,50700,VND
2018-07-03,4000.0,4000.0,3900.0,4000.0,44300,VND
2018-07-04,3900.0,4000.0,3900.0,4000.0,2400,VND
2018-07-05,4000.0,4000.0,3900.0,4000.0,31000,VND
2018-07-06,4000.0,4100.0,3900.0,4100.0,48800,VND
2018-07-09,4000.0,4100.0,4000.0,4000.0,25100,VND
2018-07-10,4000.0,4000.0,4000.0,4000.0,1100,VND
2018-07-11,4000.0,4000.0,3900.0,4000.0,61850,VND
2018-07-12,3900.0,4000.0,3900.0,3900.0,56000,VND
2018-07-13,4000.0,4000.0,3900.0,3900.0,33800,VND
2018-07-16,4000.0,4000.0,3800.0,4000.0,44900,VND
2018-07-17,4000.0,4000.0,3800.0,3800.0,15800,VND
2018-07-18,3900.0,4000.0,3900.0,4000.0,48500,VND
2018-07-19,4000.0,4000.0,3900.0,4000.0,68200,VND
2018-07-20,4000.0,4000.0,3900.0,4000.0,54700,VND
2018-07-23,4000.0,4000.0,3900.0,4000.0,20500,VND
2018-07-24,4000.0,4000.0,3900.0,4000.0,88400,VND
2018-07-25,3900.0,4000.0,3900.0,4000.0,30700,VND
2018-07-26,4000.0,4000.0,3900.0,4000.0,20700,VND
2018-07-27,4000.0,4000.0,4000.0,4000.0,19700,VND
2018-07-30,4000.0,4000.0,3900.0,4000.0,29100,VND
2018-07-31,4000.0,4000.0,3900.0,3900.0,25600,VND
2018-08-01,4000.0,4000.0,3900.0,3900.0,8400,VND
2018-08-02,4000.0,4000.0,3900.0,4000.0,1500,VND
2018-08-03,4000.0,4000.0,3900.0,4000.0,18200,VND
2018-08-06,3900.0,4000.0,3900.0,4000.0,11100,VND
2018-08-07,4000.0,4000.0,4000.0,4000.0,25100,VND
2018-08-08,3900.0,4000.0,3900.0,3900.0,13000,VND
2018-08-09,3900.0,4000.0,3900.0,4000.0,9160,VND
2018-08-10,4000.0,4000.0,3900.0,3900.0,24850,VND
2018-08-13,4000.0,4000.0,3600.0,3900.0,58225,VND
2018-08-14,3900.0,4000.0,3900.0,4000.0,8300,VND
2018-08-15,4000.0,4000.0,3900.0,4000.0,32500,VND
2018-08-16,4000.0,4000.0,3900.0,4000.0,20475,VND
2018-08-17,4000.0,4000.0,3900.0,4000.0,15500,VND
2018-08-20,4000.0,4000.0,3900.0,4000.0,7000,VND
2018-08-21,3900.0,4000.0,3900.0,4000.0,12300,VND
2018-08-22,3900.0,4000.0,3900.0,3900.0,25800,VND
2018-08-23,4000.0,4000.0,3900.0,3900.0,21100,VND
2018-08-24,3900.0,4000.0,3900.0,3900.0,14200,VND
2018-08-27,4000.0,4000.0,3900.0,4000.0,23800,VND
2018-08-28,3900.0,4000.0,3900.0,4000.0,29500,VND
2018-08-29,4000.0,4000.0,3900.0,3900.0,12700,VND
2018-08-30,4000.0,4000.0,3900.0,3900.0,20771,VND
2018-08-31,3900.0,3900.0,3900.0,3900.0,10000,VND
2018-09-04,4000.0,4000.0,3800.0,3900.0,4200,VND
2018-09-05,3800.0,3900.0,3800.0,3800.0,31800,VND
2018-09-06,3900.0,3900.0,3800.0,3900.0,16130,VND
2018-09-07,3800.0,4000.0,3800.0,4000.0,10490,VND
2018-09-10,4000.0,4000.0,3800.0,3800.0,23800,VND
2018-09-11,3900.0,3900.0,3900.0,3900.0,4063,VND
2018-09-12,3900.0,4000.0,3900.0,3900.0,34600,VND
2018-09-13,3900.0,4000.0,3800.0,4000.0,16250,VND
2018-09-14,3900.0,4000.0,3900.0,3900.0,10200,VND
2018-09-17,3900.0,3900.0,3900.0,3900.0,4110,VND
2018-09-18,4000.0,4000.0,3800.0,4000.0,26200,VND
2018-09-19,4000.0,4000.0,3900.0,3900.0,12000,VND
2018-09-20,3900.0,4000.0,3900.0,4000.0,1900,VND
2018-09-21,4000.0,4000.0,4000.0,4000.0,500,VND
2018-09-24,3900.0,3900.0,3900.0,3900.0,600,VND
2018-09-25,3800.0,3900.0,3800.0,3900.0,1720,VND
2018-09-26,3900.0,3900.0,3800.0,3900.0,15100,VND
2018-09-27,3800.0,4000.0,3800.0,4000.0,28267,VND
2018-09-28,3900.0,4000.0,3800.0,4000.0,3500,VND
2018-10-02,3900.0,4000.0,3900.0,3900.0,20700,VND
2018-10-03,3800.0,3900.0,3800.0,3900.0,5100,VND
2018-10-04,3800.0,3900.0,3800.0,3900.0,25500,VND
2018-10-05,3800.0,3900.0,3800.0,3900.0,27500,VND
2018-10-08,3800.0,4100.0,3800.0,4000.0,52854,VND
2018-10-09,3900.0,4000.0,3900.0,4000.0,11300,VND
2018-10-10,4000.0,4000.0,3900.0,4000.0,15100,VND
2018-10-11,3900.0,4000.0,3800.0,3900.0,16900,VND
2018-10-12,3900.0,3900.0,3800.0,3800.0,9900,VND
2018-10-15,3900.0,3900.0,3800.0,3900.0,11000,VND
2018-10-16,3800.0,3900.0,3800.0,3800.0,11100,VND
2018-10-17,3900.0,3900.0,3800.0,3800.0,9400,VND
2018-10-18,3800.0,3900.0,3800.0,3900.0,10860,VND
2018-10-19,3900.0,3900.0,3800.0,3900.0,6500,VND
2018-10-22,3900.0,3900.0,3800.0,3900.0,5200,VND
2018-10-23,3900.0,4000.0,3900.0,4000.0,9800,VND
2018-10-24,3900.0,4000.0,3900.0,4000.0,13100,VND
2018-10-25,3800.0,4000.0,3800.0,4000.0,2040,VND
2018-10-29,3900.0,4000.0,3900.0,4000.0,3300,VND
2018-10-31,3900.0,4000.0,3900.0,3900.0,500,VND
2018-11-01,4000.0,4000.0,4000.0,4000.0,100,VND
2018-11-02,3900.0,4000.0,3900.0,3900.0,12200,VND
2018-11-06,4000.0,4000.0,3800.0,4000.0,30100,VND
2018-11-07,3900.0,4000.0,3900.0,4000.0,23500,VND
2018-11-08,3900.0,4000.0,3900.0,4000.0,46100,VND
2018-11-09,3900.0,4000.0,3900.0,4000.0,59100,VND
2018-11-12,3900.0,4000.0,3800.0,4000.0,54200,VND
2018-11-13,4000.0,4000.0,3900.0,4000.0,49100,VND
2018-11-14,3900.0,4000.0,3700.0,4000.0,95310,VND
2018-11-15,4000.0,4000.0,3900.0,4000.0,8900,VND
2018-11-16,3900.0,4000.0,3900.0,3900.0,34500,VND
2018-11-19,3900.0,4000.0,3900.0,3900.0,18310,VND
2018-11-20,4000.0,4000.0,4000.0,4000.0,22400,VND
2018-11-21,4000.0,4000.0,3900.0,3900.0,7600,VND
2018-11-22,4000.0,4000.0,4000.0,4000.0,100,VND
2018-11-23,3900.0,4000.0,3900.0,4000.0,25400,VND
2018-11-26,3900.0,3900.0,3900.0,3900.0,500,VND
2018-11-27,3800.0,3800.0,3800.0,3800.0,16000,VND
2018-11-28,3900.0,3900.0,3700.0,3800.0,45400,VND
2018-11-29,3800.0,3900.0,3800.0,3900.0,10800,VND
2018-11-30,3700.0,3900.0,3600.0,3800.0,16700,VND
2018-12-03,3800.0,3800.0,3800.0,3800.0,12800,VND
2018-12-04,3800.0,3800.0,3600.0,3800.0,25400,VND
2018-12-05,3700.0,3700.0,3700.0,3700.0,200,VND
2018-12-06,3700.0,3900.0,3700.0,3900.0,10000,VND
2018-12-07,3800.0,3900.0,3800.0,3900.0,7300,VND
2018-12-10,3900.0,4000.0,3900.0,3900.0,11500,VND
2018-12-11,3900.0,3900.0,3800.0,3800.0,8106,VND
2018-12-13,3700.0,3900.0,3700.0,3900.0,17300,VND
2018-12-14,3800.0,3900.0,3800.0,3900.0,7800,VND
2018-12-18,3700.0,3900.0,3700.0,3900.0,1360,VND
2018-12-19,3800.0,3900.0,3800.0,3900.0,4900,VND
2018-12-20,3800.0,3900.0,3800.0,3900.0,27200,VND
2018-12-21,3800.0,3900.0,3800.0,3800.0,18300,VND
2018-12-24,3800.0,3900.0,3800.0,3900.0,13200,VND
2018-12-25,3700.0,3900.0,3700.0,3900.0,18100,VND
2019-01-02,3800.0,3900.0,3800.0,3900.0,9200,VND
2019-01-03,3800.0,3900.0,3800.0,3900.0,15200,VND
2019-01-07,3800.0,3800.0,3800.0,3800.0,8100,VND
2019-01-08,3800.0,3900.0,3800.0,3900.0,29300,VND
2019-01-09,3800.0,3900.0,3800.0,3900.0,15500,VND
2019-01-10,3900.0,3900.0,3800.0,3900.0,4300,VND
2019-01-11,3800.0,3900.0,3800.0,3900.0,19400,VND
2019-01-14,3800.0,3900.0,3800.0,3900.0,36700,VND
2019-01-15,3800.0,3900.0,3700.0,3700.0,25000,VND
2019-01-16,3800.0,3900.0,3700.0,3700.0,68300,VND
2019-01-17,3700.0,3800.0,3700.0,3800.0,23700,VND
2019-01-18,3800.0,3900.0,3800.0,3900.0,22100,VND
2019-01-21,3800.0,3900.0,3800.0,3900.0,20700,VND
2019-01-22,3800.0,3900.0,3800.0,3800.0,36900,VND
2019-01-23,3800.0,3800.0,3800.0,3800.0,11900,VND
2019-01-24,3800.0,3800.0,3800.0,3800.0,5100,VND
2019-01-25,3800.0,3900.0,3800.0,3900.0,36700,VND
2019-01-28,3800.0,3900.0,3800.0,3900.0,57100,VND
2019-01-29,3800.0,3900.0,3800.0,3900.0,48700,VND
2019-01-30,3800.0,3900.0,3700.0,3900.0,58500,VND
2019-01-31,3800.0,3900.0,3800.0,3800.0,39800,VND
2019-02-01,3800.0,3900.0,3800.0,3900.0,11900,VND
2019-02-11,3800.0,3900.0,3700.0,3900.0,4000,VND
2019-02-12,3900.0,4000.0,3800.0,4000.0,80500,VND
2019-02-13,4000.0,4100.0,4000.0,4000.0,40500,VND
2019-02-14,4000.0,4400.0,4000.0,4400.0,63400,VND
2019-02-15,4500.0,4800.0,4500.0,4800.0,138187,VND
2019-02-18,4900.0,4900.0,4400.0,4500.0,105423,VND
2019-02-19,4400.0,4500.0,4100.0,4400.0,104434,VND
2019-02-20,4300.0,4300.0,4000.0,4000.0,53000,VND
2019-02-21,4100.0,4200.0,4100.0,4200.0,19700,VND
2019-02-22,4100.0,4300.0,4000.0,4300.0,53607,VND
2019-02-25,4200.0,4300.0,4200.0,4300.0,26000,VND
2019-02-26,4200.0,4300.0,4200.0,4300.0,67800,VND
2019-02-27,4300.0,4300.0,4200.0,4300.0,43752,VND
2019-02-28,4200.0,4300.0,4200.0,4300.0,17800,VND
2019-03-01,4200.0,4200.0,4200.0,4200.0,40300,VND
2019-03-04,4200.0,4200.0,4000.0,4200.0,74217,VND
2019-03-05,4100.0,4200.0,4000.0,4000.0,51300,VND
2019-03-06,4100.0,4100.0,4100.0,4100.0,5000,VND
2019-03-07,4100.0,4200.0,4000.0,4200.0,17400,VND
2019-03-08,4100.0,4100.0,4100.0,4100.0,5400,VND
2019-03-11,4100.0,4100.0,4000.0,4000.0,5500,VND
2019-03-12,4100.0,4200.0,4100.0,4100.0,37800,VND
2019-03-13,4000.0,4200.0,4000.0,4200.0,75804,VND
2019-03-14,4100.0,4300.0,4100.0,4300.0,47100,VND
2019-03-15,4300.0,4300.0,4200.0,4200.0,29200,VND
2019-03-18,4200.0,4400.0,4100.0,4400.0,116700,VND
2019-03-19,4400.0,4800.0,4400.0,4700.0,86004,VND
2019-03-20,4800.0,4800.0,4500.0,4600.0,19100,VND
2019-03-21,4500.0,4500.0,4300.0,4300.0,34400,VND
2019-03-22,4400.0,4400.0,4200.0,4200.0,51503,VND
2019-03-25,4200.0,4600.0,4200.0,4600.0,144750,VND
2019-03-26,4600.0,4600.0,4400.0,4600.0,27260,VND
2019-03-27,4500.0,4800.0,4500.0,4600.0,122500,VND
2019-03-28,4500.0,4600.0,4400.0,4500.0,66400,VND
2019-03-29,4500.0,4600.0,4400.0,4500.0,75400,VND
2019-04-01,4500.0,4500.0,4400.0,4400.0,41666,VND
2019-04-02,4500.0,4500.0,4300.0,4300.0,32100,VND
2019-04-03,4400.0,4400.0,4300.0,4300.0,4300,VND
2019-04-04,4400.0,4400.0,4300.0,4400.0,2500,VND
2019-04-05,4400.0,4400.0,4400.0,4400.0,300,VND
2019-04-08,4300.0,4400.0,4200.0,4300.0,42330,VND
2019-04-09,4300.0,4400.0,4300.0,4400.0,28436,VND
2019-04-10,4400.0,4500.0,4400.0,4500.0,20540,VND
2019-04-11,4600.0,4700.0,4600.0,4700.0,37700,VND
2019-04-12,4700.0,4700.0,4600.0,4700.0,65900,VND
2019-04-16,4600.0,4600.0,4500.0,4600.0,50500,VND
2019-04-17,4500.0,4600.0,4400.0,4400.0,63800,VND
2019-04-18,4500.0,4600.0,4400.0,4500.0,99100,VND
2019-04-19,4500.0,4700.0,4500.0,4700.0,65800,VND
2019-04-22,4600.0,4800.0,4600.0,4700.0,90800,VND
2019-04-23,4700.0,4700.0,4600.0,4600.0,50596,VND
2019-04-24,4600.0,4600.0,4600.0,4600.0,1100,VND
2019-04-25,4600.0,5000.0,4600.0,4900.0,102115,VND
2019-04-26,4900.0,5200.0,4900.0,5200.0,60400,VND
2019-05-02,5200.0,5200.0,4900.0,5200.0,61400,VND
2019-05-03,5000.0,5200.0,5000.0,5100.0,26600,VND
2019-05-06,5100.0,5200.0,4900.0,5100.0,94700,VND
2019-05-07,5100.0,5200.0,5100.0,5200.0,30500,VND
2019-05-08,5100.0,5100.0,5000.0,5100.0,39500,VND
2019-05-09,5100.0,5100.0,5100.0,5100.0,21800,VND
2019-05-10,5200.0,5500.0,5100.0,5400.0,68400,VND
2019-05-13,5400.0,5500.0,5200.0,5500.0,127100,VND
2019-05-14,5500.0,5800.0,5200.0,5300.0,178230,VND
2019-05-15,5300.0,5600.0,5300.0,5600.0,121750,VND
2019-05-16,5600.0,5600.0,5400.0,5500.0,48400,VND
2019-05-17,5500.0,5500.0,5200.0,5300.0,45200,VND
2019-05-20,5300.0,5400.0,5200.0,5300.0,112500,VND
2019-05-21,5300.0,5400.0,5100.0,5200.0,128300,VND
2019-05-22,5100.0,5200.0,4900.0,5100.0,270700,VND
2019-05-23,5000.0,5100.0,4900.0,5000.0,144100,VND
2019-05-24,5100.0,5100.0,4900.0,5000.0,48200,VND
2019-05-27,5000.0,5000.0,4800.0,4800.0,170100,VND
2019-05-28,4800.0,5100.0,4700.0,5100.0,57600,VND
2019-05-29,5000.0,5100.0,5000.0,5100.0,89000,VND
2019-05-30,5100.0,5100.0,4900.0,4900.0,90900,VND
2019-05-31,4900.0,5000.0,4900.0,4900.0,107330,VND
2019-06-03,4900.0,5000.0,4900.0,5000.0,7100,VND
2019-06-04,4900.0,4900.0,4900.0,4900.0,17400,VND
2019-06-05,4800.0,4800.0,4700.0,4800.0,109900,VND
2019-06-06,4800.0,4800.0,4600.0,4600.0,116400,VND
2019-06-07,4700.0,4800.0,4600.0,4700.0,46100,VND
2019-06-10,4700.0,4700.0,4700.0,4700.0,7500,VND
2019-06-11,4700.0,5100.0,4700.0,5000.0,97700,VND
2019-06-12,5100.0,5100.0,5000.0,5000.0,69910,VND
2019-06-13,5000.0,5100.0,4900.0,4900.0,84000,VND
2019-06-14,4900.0,5000.0,4800.0,5000.0,42100,VND
2019-06-17,5000.0,5000.0,4800.0,4900.0,41600,VND
2019-06-18,4900.0,5000.0,4900.0,5000.0,11850,VND
2019-06-19,5000.0,5000.0,4900.0,4900.0,61500,VND
2019-06-20,4900.0,4900.0,4800.0,4900.0,45300,VND
2019-06-21,4900.0,5100.0,4800.0,5000.0,164650,VND
2019-06-24,5000.0,5100.0,5000.0,5100.0,68600,VND
2019-06-25,5000.0,5100.0,4900.0,5100.0,65600,VND
2019-06-26,5000.0,5000.0,4900.0,4900.0,55600,VND
2019-06-27,4900.0,4900.0,4900.0,4900.0,33800,VND
2019-06-28,4900.0,5000.0,4800.0,5000.0,66000,VND
2019-07-01,5000.0,5000.0,5000.0,5000.0,5800,VND
2019-07-02,5000.0,5000.0,4900.0,5000.0,29400,VND
2019-07-03,5000.0,5000.0,4800.0,4900.0,95121,VND
2019-07-04,4800.0,5000.0,4800.0,4800.0,50363,VND
2019-07-05,4800.0,4800.0,4700.0,4700.0,92610,VND
2019-07-08,4700.0,4700.0,4700.0,4700.0,41700,VND
2019-07-09,4700.0,4700.0,4700.0,4700.0,5900,VND
2019-07-10,4700.0,4800.0,4700.0,4700.0,8900,VND
2019-07-11,4700.0,4800.0,4700.0,4800.0,2200,VND
2019-07-12,4800.0,4900.0,4800.0,4800.0,41100,VND
2019-07-15,4800.0,4800.0,4700.0,4700.0,13610,VND
2019-07-16,4800.0,4800.0,4700.0,4700.0,2300,VND
2019-07-17,4800.0,4800.0,4800.0,4800.0,3000,VND
2019-07-18,4800.0,4800.0,4800.0,4800.0,5400,VND
2019-07-19,4700.0,4800.0,4700.0,4800.0,17940,VND
2019-07-22,4700.0,4700.0,4700.0,4700.0,26000,VND
2019-07-23,4700.0,4800.0,4700.0,4800.0,1300,VND
2019-07-24,4700.0,4700.0,4700.0,4700.0,11100,VND
2019-07-25,4700.0,4700.0,4500.0,4500.0,36400,VND
2019-07-26,4600.0,4800.0,4600.0,4700.0,40100,VND
2019-07-29,4800.0,4800.0,4600.0,4700.0,63800,VND
2019-07-30,4600.0,4600.0,4500.0,4500.0,34800,VND
2019-07-31,4500.0,4700.0,4400.0,4500.0,167300,VND
2019-08-01,4400.0,4400.0,4400.0,4400.0,63500,VND
2019-08-02,4500.0,4700.0,4400.0,4400.0,131700,VND
2019-08-05,4600.0,4600.0,4500.0,4500.0,37000,VND
2019-08-06,4500.0,4600.0,4500.0,4500.0,39800,VND
2019-08-07,4600.0,4600.0,4400.0,4500.0,18400,VND
2019-08-08,4400.0,4400.0,4400.0,4400.0,19490,VND
2019-08-09,4400.0,4500.0,4300.0,4400.0,21300,VND
2019-08-12,4400.0,4400.0,4300.0,4400.0,31800,VND
2019-08-13,4300.0,4400.0,4300.0,4300.0,69100,VND
2019-08-14,4300.0,4500.0,4300.0,4400.0,12000,VND
2019-08-15,4400.0,4400.0,4200.0,4200.0,15900,VND
2019-08-16,4300.0,4500.0,4300.0,4500.0,107650,VND
2019-08-19,4600.0,4700.0,4600.0,4600.0,21620,VND
2019-08-20,4500.0,4600.0,4500.0,4600.0,51200,VND
2019-08-21,4500.0,4500.0,4400.0,4500.0,115000,VND
2019-08-22,4500.0,4600.0,4500.0,4600.0,3689,VND
2019-08-23,4500.0,4500.0,4400.0,4500.0,22300,VND
2019-08-26,4400.0,4600.0,4400.0,4600.0,137800,VND
2019-08-27,4500.0,4700.0,4500.0,4700.0,136812,VND
2019-08-28,4600.0,5100.0,4500.0,5100.0,803875,VND
2019-08-29,5200.0,5600.0,5200.0,5300.0,352298,VND
2019-08-30,5400.0,5400.0,5000.0,5100.0,86500,VND
2019-09-03,4900.0,5200.0,4800.0,5200.0,442610,VND
2019-09-04,5000.0,5200.0,4700.0,4700.0,648562,VND
2019-09-05,4700.0,4800.0,4500.0,4700.0,151900,VND
2019-09-06,4600.0,4700.0,4500.0,4500.0,192510,VND
2019-09-09,4500.0,4800.0,4400.0,4700.0,371500,VND
2019-09-10,4700.0,4700.0,4500.0,4500.0,216300,VND
2019-09-11,4600.0,4600.0,4500.0,4500.0,256800,VND
2019-09-12,4500.0,4600.0,4500.0,4600.0,4600,VND
2019-09-13,4600.0,4600.0,4500.0,4500.0,36590,VND
2019-09-16,4500.0,4600.0,4500.0,4600.0,7000,VND
2019-09-17,4600.0,4600.0,4500.0,4500.0,44600,VND
2019-09-18,4500.0,4500.0,4400.0,4500.0,17150,VND
2019-09-19,4500.0,4600.0,4500.0,4600.0,167100,VND
2019-09-20,4600.0,4700.0,4600.0,4700.0,29900,VND
2019-09-23,4700.0,4700.0,4500.0,4600.0,18400,VND
2019-09-24,4600.0,4600.0,4500.0,4600.0,40100,VND
2019-09-25,4500.0,4600.0,4400.0,4500.0,77900,VND
2019-09-26,4500.0,4600.0,4400.0,4600.0,225000,VND
2019-09-27,4600.0,4600.0,4500.0,4600.0,11000,VND
2019-09-30,4500.0,4600.0,4400.0,4500.0,195200,VND
2019-10-01,4500.0,4500.0,4400.0,4500.0,138300,VND
2019-10-02,4500.0,4500.0,4400.0,4500.0,65500,VND
2019-10-03,4500.0,4500.0,4400.0,4500.0,51800,VND
2019-10-04,4500.0,4500.0,4400.0,4400.0,53400,VND
2019-10-07,4400.0,4500.0,4400.0,4500.0,58600,VND
2019-10-08,4500.0,4500.0,4400.0,4500.0,41500,VND
2019-10-09,4400.0,4500.0,4400.0,4500.0,13902,VND
2019-10-10,4400.0,4500.0,4400.0,4400.0,45000,VND
2019-10-11,4500.0,4500.0,4300.0,4500.0,9010,VND
2019-10-14,4400.0,4400.0,4400.0,4400.0,57500,VND
2019-10-15,4400.0,4400.0,4300.0,4300.0,57900,VND
2019-10-16,4300.0,4500.0,4200.0,4500.0,215650,VND
2019-10-17,4400.0,4500.0,4400.0,4500.0,101560,VND
2019-10-18,4500.0,4500.0,4300.0,4400.0,44100,VND
2019-10-21,4300.0,4400.0,4300.0,4400.0,59000,VND
2019-10-22,4300.0,4300.0,4300.0,4300.0,3602,VND
2019-10-23,4300.0,4500.0,4200.0,4300.0,92210,VND
2019-10-24,4300.0,4400.0,4200.0,4300.0,81110,VND
2019-10-25,4200.0,4400.0,4100.0,4300.0,201207,VND
2019-10-28,4200.0,4200.0,4100.0,4100.0,103875,VND
2019-10-29,4100.0,4100.0,4000.0,4000.0,70500,VND
2019-10-30,3900.0,4100.0,3900.0,4100.0,47300,VND
2019-10-31,4000.0,4100.0,4000.0,4000.0,68700,VND
2019-11-01,4100.0,4300.0,4000.0,4100.0,172500,VND
2019-11-04,4100.0,4300.0,4100.0,4100.0,59400,VND
2019-11-05,4000.0,4100.0,4000.0,4100.0,91600,VND
2019-11-06,4000.0,4100.0,4000.0,4100.0,64410,VND
2019-11-07,4100.0,4400.0,4000.0,4200.0,271000,VND
2019-11-08,4200.0,4400.0,4100.0,4100.0,179700,VND
2019-11-11,4100.0,4100.0,4100.0,4100.0,101300,VND
2019-11-12,4100.0,4400.0,4100.0,4400.0,193200,VND
2019-11-13,4400.0,4400.0,4100.0,4100.0,10400,VND
2019-11-14,4100.0,4300.0,4100.0,4200.0,193800,VND
2019-11-15,4200.0,4300.0,4200.0,4300.0,6500,VND
2019-11-18,4200.0,4300.0,4200.0,4300.0,168500,VND
2019-11-19,4300.0,4300.0,4200.0,4200.0,204000,VND
2019-11-20,4200.0,4300.0,4100.0,4300.0,84600,VND
2019-11-21,4300.0,4400.0,4300.0,4300.0,239200,VND
2019-11-22,4400.0,4400.0,4200.0,4300.0,111100,VND
2019-11-25,4200.0,4400.0,4200.0,4400.0,216500,VND
2019-11-26,4300.0,4300.0,4300.0,4300.0,102000,VND
2019-11-27,4200.0,4300.0,4200.0,4200.0,88000,VND
2019-11-28,4200.0,4200.0,4200.0,4200.0,38300,VND
2019-11-29,4300.0,4300.0,4300.0,4300.0,64600,VND
2019-12-02,4200.0,4300.0,4200.0,4300.0,30500,VND
2019-12-03,4200.0,4300.0,4200.0,4300.0,11900,VND
2019-12-04,4200.0,4300.0,4200.0,4300.0,97700,VND
2019-12-05,4300.0,4300.0,4200.0,4200.0,54200,VND
2019-12-06,4200.0,4300.0,4200.0,4300.0,73300,VND
2019-12-09,4300.0,4300.0,4100.0,4200.0,185250,VND
2019-12-10,4100.0,4200.0,4000.0,4100.0,467130,VND
2019-12-11,4100.0,4300.0,4100.0,4200.0,63500,VND
2019-12-12,4100.0,4200.0,4100.0,4100.0,123600,VND
2019-12-13,4100.0,4100.0,4000.0,4100.0,24330,VND
2019-12-16,4100.0,4200.0,4000.0,4100.0,127700,VND
2019-12-17,4100.0,4100.0,4000.0,4100.0,88910,VND
2019-12-18,4100.0,4100.0,4100.0,4100.0,5620,VND
2019-12-19,4100.0,4200.0,4100.0,4200.0,49200,VND
2019-12-20,4100.0,4200.0,4100.0,4200.0,73100,VND
2019-12-23,4100.0,4200.0,4100.0,4100.0,100800,VND
2019-12-24,4100.0,4100.0,4100.0,4100.0,20500,VND
2019-12-25,4100.0,4100.0,4100.0,4100.0,17341,VND
2019-12-26,4100.0,4100.0,4000.0,4100.0,90152,VND
2019-12-27,4100.0,4100.0,4000.0,4100.0,71200,VND
2019-12-30,4100.0,4500.0,4100.0,4400.0,200220,VND
2019-12-31,4500.0,4500.0,4200.0,4400.0,46400,VND
2020-01-02,4300.0,4300.0,4200.0,4300.0,44700,VND
2020-01-03,4300.0,4300.0,4100.0,4300.0,84800,VND
2020-01-06,3776.0,3776.0,3600.0,3600.0,12500,VND
2020-01-07,3600.0,3951.0,3512.0,3863.0,249850,VND
2020-01-08,3776.0,3776.0,3600.0,3600.0,98600,VND
2020-01-09,3600.0,3776.0,3600.0,3776.0,216522,VND
2020-01-10,3776.0,3776.0,3688.0,3776.0,20900,VND
2020-01-13,3687.8,3687.8,3600.0,3600.0,48200,VND
2020-01-14,3600.0,3687.8,3512.2,3687.8,75700,VND
2020-01-15,4000.0,4000.0,3400.0,3700.0,125000,VND
2020-01-16,3700.0,3800.0,3600.0,3600.0,13900,VND
2020-01-17,3600.0,3700.0,3600.0,3700.0,183200,VND
2020-01-20,3600.0,3700.0,3600.0,3600.0,32700,VND
2020-01-21,3600.0,3700.0,3500.0,3700.0,11900,VND
2020-01-22,3600.0,3700.0,3400.0,3700.0,144900,VND
2020-01-30,3600.0,3600.0,3400.0,3400.0,163700,VND
2020-01-31,3500.0,3500.0,3200.0,3300.0,573300,VND
2020-02-03,3200.0,3200.0,3000.0,3200.0,185800,VND
2020-02-04,3100.0,3200.0,3100.0,3200.0,54600,VND
2020-02-05,3200.0,3300.0,3200.0,3200.0,29100,VND
2020-02-06,3200.0,3400.0,3100.0,3400.0,137950,VND
2020-02-07,3300.0,3600.0,3300.0,3500.0,163200,VND
2020-02-10,3400.0,3500.0,3400.0,3400.0,72200,VND
2020-02-11,3400.0,3500.0,3400.0,3500.0,13000,VND
2020-02-12,3400.0,3600.0,3300.0,3600.0,163400,VND
2020-02-13,3400.0,3600.0,3400.0,3500.0,61000,VND
2020-02-14,3500.0,3600.0,3400.0,3600.0,67650,VND
2020-02-17,3500.0,3500.0,3500.0,3500.0,36400,VND
2020-02-18,3400.0,3400.0,3200.0,3200.0,363240,VND
2020-02-19,3200.0,3400.0,3100.0,3400.0,147110,VND
2020-02-20,3400.0,3400.0,3300.0,3300.0,52800,VND
2020-02-21,3300.0,3400.0,3300.0,3400.0,12500,VND
2020-02-24,3300.0,3300.0,3200.0,3200.0,42100,VND
2020-02-25,3100.0,3200.0,3100.0,3100.0,29900,VND
2020-02-26,3100.0,3200.0,3100.0,3200.0,26510,VND
2020-02-27,3200.0,3300.0,3200.0,3300.0,19500,VND
2020-02-28,3200.0,3300.0,3200.0,3300.0,153300,VND
2020-03-02,3300.0,3300.0,3200.0,3300.0,11190,VND
2020-03-03,3200.0,3200.0,3100.0,3100.0,32500,VND
2020-03-04,3200.0,3200.0,3200.0,3200.0,27055,VND
2020-03-05,3200.0,3300.0,3200.0,3300.0,14300,VND
2020-03-06,3300.0,3300.0,3200.0,3200.0,37900,VND
2020-03-09,3100.0,3100.0,3000.0,3000.0,174730,VND
2020-03-10,3000.0,3000.0,2900.0,3000.0,63300,VND
2020-03-11,3000.0,3100.0,3000.0,3000.0,59000,VND
2020-03-12,2900.0,3000.0,2800.0,3000.0,120000,VND
2020-03-13,2900.0,3000.0,2900.0,3000.0,52700,VND
2020-03-16,2900.0,3000.0,2900.0,2900.0,7800,VND
2020-03-17,3000.0,3000.0,2800.0,2900.0,144400,VND
2020-03-18,2900.0,3000.0,2900.0,2900.0,26715,VND
2020-03-19,3000.0,3000.0,2800.0,2900.0,4900,VND
2020-03-20,2900.0,3000.0,2900.0,2900.0,73700,VND
2020-03-23,2900.0,2900.0,2800.0,2800.0,16600,VND
2020-03-24,2900.0,2900.0,2900.0,2900.0,4900,VND
2020-03-25,2900.0,2900.0,2900.0,2900.0,20100,VND
2020-03-26,2900.0,2900.0,2900.0,2900.0,55500,VND
2020-03-27,2900.0,2900.0,2800.0,2900.0,10000,VND
2020-03-30,2800.0,2900.0,2800.0,2800.0,7100,VND
2020-03-31,2800.0,2900.0,2700.0,2900.0,22129,VND
2020-04-01,2900.0,2900.0,2800.0,2800.0,1700,VND
2020-04-03,2700.0,2900.0,2700.0,2900.0,28300,VND
2020-04-06,2900.0,2900.0,2800.0,2900.0,14600,VND
2020-04-07,2900.0,2900.0,2900.0,2900.0,33000,VND
2020-04-08,2900.0,3000.0,2900.0,3000.0,12400,VND
2020-04-09,3000.0,3000.0,2900.0,3000.0,9905,VND
2020-04-10,3000.0,3000.0,2900.0,3000.0,1500,VND
2020-04-13,2900.0,2900.0,2900.0,2900.0,6900,VND
2020-04-14,3000.0,3100.0,2900.0,2900.0,40600,VND
2020-04-15,2900.0,3000.0,2900.0,3000.0,64500,VND
2020-04-16,3000.0,3000.0,2800.0,2900.0,113200,VND
2020-04-17,2900.0,3000.0,2900.0,3000.0,29900,VND
2020-04-20,3000.0,3100.0,3000.0,3000.0,91000,VND
2020-04-21,3000.0,3000.0,2900.0,2900.0,51100,VND
2020-04-22,2900.0,2900.0,2900.0,2900.0,27854,VND
2020-04-23,2900.0,3000.0,2800.0,3000.0,18100,VND
2020-04-24,3000.0,3000.0,2900.0,2900.0,111500,VND
2020-04-27,3000.0,3000.0,2900.0,3000.0,53160,VND
2020-04-28,3000.0,3300.0,3000.0,3300.0,247759,VND
2020-04-29,3300.0,3300.0,3100.0,3100.0,145000,VND
2020-05-04,3000.0,3000.0,2900.0,2900.0,84200,VND
2020-05-05,3000.0,3000.0,2900.0,3000.0,13700,VND
2020-05-06,3000.0,3000.0,2900.0,3000.0,82900,VND
2020-05-07,2900.0,3100.0,2900.0,3100.0,145400,VND
2020-05-08,3100.0,3100.0,3000.0,3100.0,34800,VND
2020-05-11,3100.0,3200.0,3100.0,3200.0,55400,VND
2020-05-12,3100.0,3100.0,3000.0,3100.0,62600,VND
2020-05-13,3100.0,3100.0,3000.0,3100.0,35200,VND
2020-05-14,3000.0,3000.0,2900.0,2900.0,112340,VND
2020-05-15,3000.0,3000.0,2900.0,3000.0,2920,VND
2020-05-18,3000.0,3100.0,3000.0,3100.0,24700,VND
2020-05-19,3100.0,3100.0,3000.0,3000.0,5600,VND
2020-05-20,3000.0,3200.0,3000.0,3200.0,75110,VND
2020-05-21,3200.0,3200.0,3000.0,3200.0,51000,VND
2020-05-22,3100.0,3200.0,3000.0,3000.0,37500,VND
2020-05-25,3100.0,3200.0,3000.0,3200.0,65400,VND
2020-05-26,3100.0,3100.0,3100.0,3100.0,32500,VND
2020-05-27,3200.0,3200.0,3000.0,3100.0,190862,VND
2020-05-28,3100.0,3100.0,3000.0,3100.0,112600,VND
2020-05-29,3100.0,3200.0,3000.0,3100.0,60900,VND
2020-06-01,3100.0,3400.0,3000.0,3300.0,318305,VND
2020-06-02,3200.0,3200.0,3000.0,3100.0,201462,VND
2020-06-03,3100.0,3200.0,3000.0,3000.0,150160,VND
2020-06-04,3100.0,3200.0,3000.0,3200.0,44042,VND
2020-06-05,3100.0,3200.0,3100.0,3100.0,89200,VND
2020-06-08,3200.0,3300.0,3200.0,3300.0,207090,VND
2020-06-09,3300.0,3300.0,3100.0,3100.0,269230,VND
2020-06-10,3200.0,3300.0,3200.0,3300.0,146301,VND
2020-06-11,3300.0,3600.0,3300.0,3500.0,716469,VND
2020-06-12,3300.0,3400.0,3200.0,3400.0,130410,VND
2020-06-15,3300.0,3300.0,3200.0,3200.0,141000,VND
2020-06-16,3200.0,3300.0,3100.0,3100.0,212710,VND
2020-06-17,3200.0,3200.0,3100.0,3200.0,113000,VND
2020-06-18,3300.0,3300.0,3100.0,3200.0,89900,VND
2020-06-19,3100.0,3300.0,3100.0,3300.0,80520,VND
2020-06-22,3300.0,3300.0,3200.0,3300.0,99300,VND
2020-06-23,3200.0,3300.0,3200.0,3300.0,89600,VND
2020-06-24,3200.0,3300.0,3200.0,3200.0,50810,VND
2020-06-25,3100.0,3100.0,3100.0,3100.0,93000,VND
2020-06-26,3200.0,3200.0,3100.0,3100.0,43400,VND
2020-06-29,3000.0,3100.0,3000.0,3100.0,42469,VND
2020-06-30,3100.0,3100.0,3000.0,3100.0,53250,VND
2020-07-01,3100.0,3100.0,2900.0,3000.0,94200,VND
2020-07-02,3000.0,3100.0,3000.0,3100.0,14230,VND
2020-07-03,3000.0,3000.0,3000.0,3000.0,16172,VND
2020-07-06,3000.0,3000.0,3000.0,3000.0,27200,VND
2020-07-07,3000.0,3100.0,3000.0,3100.0,66600,VND
2020-07-08,3000.0,3000.0,3000.0,3000.0,5080,VND
2020-07-09,3100.0,3100.0,3000.0,3000.0,75210,VND
2020-07-10,3100.0,3200.0,3100.0,3200.0,140020,VND
2020-07-13,3200.0,3200.0,3100.0,3200.0,14103,VND
2020-07-14,3200.0,3200.0,3000.0,3000.0,124225,VND
2020-07-15,3100.0,3200.0,3100.0,3200.0,162910,VND
2020-07-16,3100.0,3100.0,3100.0,3100.0,21200,VND
2020-07-17,3100.0,3200.0,3100.0,3100.0,51000,VND
2020-07-20,3200.0,3200.0,3200.0,3200.0,27700,VND
2020-07-21,3200.0,3200.0,3100.0,3200.0,80700,VND
2020-07-22,3200.0,3200.0,3100.0,3100.0,15000,VND
2020-07-23,3000.0,3100.0,3000.0,3100.0,95680,VND
2020-07-24,3000.0,3100.0,3000.0,3100.0,73300,VND
2020-07-27,2900.0,3000.0,2900.0,3000.0,41900,VND
2020-07-28,3000.0,3000.0,2800.0,2900.0,13900,VND
2020-07-29,2900.0,2900.0,2800.0,2900.0,36834,VND
2020-07-30,2800.0,2900.0,2800.0,2900.0,3600,VND
2020-07-31,2900.0,3000.0,2900.0,3000.0,24730,VND
2020-08-03,3000.0,3000.0,3000.0,3000.0,31300,VND
2020-08-04,3000.0,3000.0,3000.0,3000.0,17900,VND
2020-08-05,3000.0,3100.0,3000.0,3100.0,9300,VND
2020-08-06,3000.0,3000.0,3000.0,3000.0,10000,VND
2020-08-07,3000.0,3100.0,3000.0,3000.0,12800,VND
2020-08-10,3000.0,3100.0,3000.0,3100.0,41000,VND
2020-08-11,3000.0,3100.0,3000.0,3100.0,73300,VND
2020-08-12,3000.0,3000.0,3000.0,3000.0,35900,VND
2020-08-13,3000.0,3000.0,2900.0,2900.0,29905,VND
2020-08-14,3000.0,3000.0,3000.0,3000.0,24700,VND
2020-08-17,3000.0,3100.0,3000.0,3100.0,121100,VND
2020-08-18,3100.0,3400.0,3100.0,3300.0,240260,VND
2020-08-19,3200.0,3300.0,3200.0,3200.0,426900,VND
2020-08-20,3300.0,3500.0,3300.0,3500.0,924286,VND
2020-08-21,3800.0,3800.0,3800.0,3800.0,85300,VND
2020-08-24,4100.0,4100.0,4100.0,4100.0,8700,VND
2020-08-25,4500.0,4500.0,4500.0,4500.0,132960,VND
2020-08-26,4900.0,4900.0,4800.0,4900.0,1125770,VND
2020-08-27,5000.0,5300.0,5000.0,5300.0,320770,VND
2020-08-28,5800.0,5800.0,5400.0,5800.0,346922,VND
2020-08-31,6300.0,6300.0,5800.0,6300.0,1790188,VND
2020-09-01,6300.0,6800.0,5700.0,6200.0,1087717,VND
2020-09-03,6200.0,6200.0,5600.0,5900.0,486254,VND
2020-09-04,5500.0,5500.0,5400.0,5400.0,201670,VND
2020-09-07,5300.0,5300.0,4900.0,4900.0,46915,VND
2020-09-08,4500.0,5300.0,4500.0,4700.0,1823490,VND
2020-09-09,4800.0,4900.0,4300.0,4500.0,346600,VND
2020-09-10,4500.0,4900.0,4500.0,4900.0,801652,VND
2020-09-11,4900.0,5100.0,4800.0,5100.0,711790,VND
2020-09-14,5100.0,5200.0,4900.0,5100.0,605700,VND
2020-09-15,5100.0,5600.0,5000.0,5400.0,700747,VND
2020-09-16,5300.0,5400.0,5100.0,5100.0,604452,VND
2020-09-17,5200.0,5200.0,4800.0,4900.0,846075,VND
2020-09-18,4800.0,5100.0,4600.0,4900.0,663042,VND
2020-09-21,5000.0,5000.0,4900.0,5000.0,705967,VND
2020-09-22,4900.0,5000.0,4800.0,4900.0,227250,VND
2020-09-23,4800.0,5000.0,4800.0,4900.0,201162,VND
2020-09-24,5000.0,5000.0,4800.0,4800.0,323331,VND
2020-09-25,4800.0,4900.0,4600.0,4700.0,368237,VND
2020-09-28,4700.0,4700.0,4300.0,4400.0,1139359,VND
2020-09-29,4400.0,4400.0,4200.0,4400.0,239130,VND
2020-09-30,4400.0,4500.0,4200.0,4400.0,372691,VND
2020-10-01,4400.0,4800.0,4400.0,4800.0,552705,VND
2020-10-02,4900.0,5200.0,4700.0,5000.0,654720,VND
2020-10-05,5000.0,5500.0,4900.0,5000.0,346320,VND
2020-10-06,5000.0,5100.0,4800.0,5000.0,439800,VND
2020-10-07,5100.0,5100.0,4800.0,4900.0,269440,VND
2020-10-08,4800.0,4900.0,4700.0,4800.0,235801,VND
2020-10-09,4800.0,4800.0,4600.0,4800.0,120590,VND
2020-10-12,4800.0,4800.0,4500.0,4600.0,159824,VND
2020-10-13,4600.0,4700.0,4500.0,4600.0,157600,VND
2020-10-14,4500.0,4700.0,4500.0,4600.0,254300,VND
2020-10-15,4600.0,4600.0,4400.0,4600.0,170910,VND
2020-10-16,4600.0,4600.0,4400.0,4400.0,150565,VND
2020-10-19,4400.0,4700.0,4400.0,4600.0,251236,VND
2020-10-20,4700.0,4700.0,4400.0,4400.0,164756,VND
2020-10-21,4500.0,4600.0,4400.0,4500.0,71565,VND
2020-10-22,4500.0,4600.0,4400.0,4500.0,198636,VND
2020-10-23,4500.0,4900.0,4500.0,4900.0,757161,VND
2020-10-26,5200.0,5300.0,5100.0,5300.0,1278660,VND
2020-10-27,5500.0,5500.0,4900.0,5100.0,333477,VND
2020-10-28,5000.0,5100.0,4700.0,4800.0,272000,VND
2020-10-29,4700.0,4800.0,4500.0,4600.0,481268,VND
2020-10-30,5000.0,5000.0,4500.0,4800.0,111120,VND
2020-11-02,4800.0,5000.0,4700.0,4900.0,161920,VND
2020-11-03,5200.0,5200.0,4600.0,4800.0,448809,VND
2020-11-04,4700.0,4900.0,4700.0,4900.0,166130,VND
2020-11-05,4800.0,4900.0,4700.0,4700.0,99900,VND
2020-11-06,4800.0,4800.0,4700.0,4700.0,113300,VND
2020-11-09,4700.0,4700.0,4500.0,4600.0,310500,VND
2020-11-10,4700.0,4700.0,4500.0,4600.0,204452,VND
2020-11-11,4700.0,4700.0,4400.0,4600.0,259820,VND
2020-11-12,4600.0,4700.0,4500.0,4700.0,127141,VND
2020-11-13,4600.0,5100.0,4600.0,4800.0,1008410,VND
2020-11-16,4800.0,4800.0,4600.0,4700.0,383130,VND
2020-11-17,4700.0,4800.0,4700.0,4800.0,99503,VND
2020-11-18,4800.0,4800.0,4600.0,4600.0,291400,VND
2020-11-19,4600.0,4700.0,4600.0,4700.0,270900,VND
2020-11-20,4700.0,4800.0,4600.0,4700.0,195600,VND
2020-11-23,4700.0,5000.0,4600.0,5000.0,438828,VND
2020-11-24,5000.0,5000.0,4700.0,4800.0,352100,VND
2020-11-25,4800.0,4900.0,4700.0,4800.0,186300,VND
2020-11-26,4700.0,4800.0,4600.0,4700.0,272100,VND
2020-11-27,4700.0,4900.0,4700.0,4800.0,215780,VND
2020-11-30,4800.0,4800.0,4600.0,4600.0,287400,VND
2020-12-01,4600.0,4800.0,4600.0,4800.0,277800,VND
2020-12-02,4800.0,4800.0,4600.0,4700.0,117000,VND
2020-12-03,4700.0,4800.0,4700.0,4800.0,366000,VND
2020-12-04,4800.0,5200.0,4700.0,5200.0,1644444,VND
2020-12-07,5200.0,5700.0,5200.0,5700.0,1461515,VND
2020-12-08,5700.0,6100.0,5700.0,5800.0,695546,VND
2020-12-09,5700.0,5700.0,5400.0,5500.0,940140,VND
2020-12-10,5500.0,5700.0,5300.0,5400.0,623489,VND
2020-12-11,5300.0,5500.0,5300.0,5400.0,392523,VND
2020-12-14,5500.0,5800.0,5500.0,5600.0,377519,VND
2020-12-15,5600.0,5600.0,5400.0,5500.0,253801,VND
2020-12-16,5500.0,5700.0,5400.0,5600.0,300460,VND
2020-12-17,5600.0,5600.0,5400.0,5400.0,322041,VND
2020-12-18,5400.0,5900.0,5400.0,5900.0,1112526,VND
2020-12-21,5900.0,6000.0,5800.0,5900.0,408100,VND
2020-12-22,5900.0,5900.0,5700.0,5900.0,327800,VND
2020-12-23,5900.0,6300.0,5700.0,5700.0,735457,VND
2020-12-24,5700.0,5800.0,5500.0,5700.0,639172,VND
2020-12-25,5700.0,5900.0,5700.0,5800.0,259001,VND
2020-12-28,5800.0,5900.0,5700.0,5800.0,573776,VND
2020-12-29,5800.0,6300.0,5800.0,6200.0,1077250,VND
2020-12-30,6200.0,6400.0,6000.0,6100.0,536073,VND
2020-12-31,6100.0,6200.0,6000.0,6200.0,238239,VND
2021-01-04,6100.0,6200.0,6000.0,6100.0,357000,VND
2021-01-05,6100.0,6200.0,6000.0,6200.0,514625,VND
2021-01-06,6300.0,6800.0,6200.0,6800.0,1941100,VND
2021-01-07,6800.0,7400.0,6800.0,7400.0,941000,VND
2021-01-08,8100.0,8100.0,8100.0,8100.0,479360,VND
2021-01-11,8900.0,8900.0,7800.0,8100.0,2469176,VND
2021-01-12,8100.0,8100.0,7600.0,8000.0,1304279,VND
2021-01-13,8000.0,8100.0,7600.0,7900.0,728300,VND
2021-01-14,7900.0,8600.0,7900.0,8300.0,1141610,VND
2021-01-15,8300.0,8400.0,8100.0,8300.0,903543,VND
2021-01-18,8300.0,8300.0,8000.0,8100.0,603687,VND
2021-01-19,8100.0,8200.0,7300.0,7500.0,1318163,VND
2021-01-20,7500.0,7500.0,6800.0,7400.0,669503,VND
2021-01-21,7400.0,7800.0,7200.0,7800.0,344600,VND
2021-01-22,7700.0,7800.0,7500.0,7700.0,368363,VND
2021-01-25,7700.0,8000.0,7400.0,7700.0,658907,VND
2021-01-26,7800.0,8400.0,7700.0,8400.0,2497614,VND
2021-01-27,8600.0,8700.0,8000.0,8000.0,969743,VND
2021-01-28,7900.0,7900.0,7200.0,7200.0,547400,VND
2021-01-29,6500.0,7200.0,6500.0,6500.0,1314770,VND
2021-02-01,6500.0,6500.0,5900.0,5900.0,1147615,VND
2021-02-02,5800.0,6000.0,5500.0,6000.0,449200,VND
2021-02-03,6000.0,6600.0,6000.0,6600.0,560763,VND
2021-02-04,6700.0,6800.0,6300.0,6400.0,278920,VND
2021-02-05,6300.0,6400.0,6200.0,6400.0,381068,VND
2021-02-08,6400.0,6500.0,5800.0,6000.0,948910,VND
2021-02-09,6100.0,6300.0,6000.0,6200.0,337540,VND
2021-02-17,6300.0,6700.0,6200.0,6600.0,424532,VND
2021-02-18,6600.0,6600.0,6400.0,6500.0,477600,VND
2021-02-19,6400.0,6600.0,6300.0,6500.0,243054,VND
2021-02-22,6500.0,6800.0,6500.0,6600.0,808400,VND
2021-02-23,6700.0,6900.0,6500.0,6900.0,570020,VND
2021-02-24,7000.0,7500.0,7000.0,7500.0,1452778,VND
2021-02-25,7500.0,7900.0,7300.0,7500.0,306234,VND
2021-02-26,7400.0,7400.0,7100.0,7400.0,623400,VND
2021-03-01,7400.0,7600.0,7200.0,7600.0,533910,VND
2021-03-02,7600.0,7800.0,7600.0,7700.0,491659,VND
2021-03-03,7700.0,7700.0,7400.0,7600.0,624667,VND
2021-03-04,7600.0,7700.0,7200.0,7400.0,709440,VND
2021-03-05,7400.0,8100.0,7200.0,8000.0,803536,VND
2021-03-08,8000.0,8100.0,7800.0,8000.0,491261,VND
2021-03-09,8000.0,8500.0,7900.0,8300.0,1124640,VND
2021-03-10,8300.0,8400.0,8100.0,8100.0,587597,VND
2021-03-11,8100.0,8100.0,7900.0,8000.0,445700,VND
2021-03-12,8100.0,8500.0,7900.0,8000.0,436990,VND
2021-03-15,8000.0,8000.0,7800.0,7900.0,344618,VND
2021-03-16,7900.0,8000.0,7700.0,8000.0,809220,VND
2021-03-17,8000.0,8800.0,7900.0,8600.0,1907525,VND
2021-03-18,8600.0,8700.0,8300.0,8500.0,450450,VND
2021-03-19,8500.0,8500.0,8200.0,8400.0,338127,VND
2021-03-22,8400.0,8400.0,8100.0,8200.0,766646,VND
2021-03-23,7900.0,8300.0,7700.0,8200.0,779760,VND
2021-03-24,8200.0,8200.0,7800.0,8000.0,813995,VND
2021-03-25,8000.0,8400.0,7900.0,8100.0,637617,VND
2021-03-26,8100.0,8200.0,7300.0,7800.0,880360,VND
2021-03-29,7800.0,8200.0,7800.0,8000.0,502302,VND
2021-03-30,8100.0,8100.0,7800.0,7900.0,757800,VND
2021-03-31,7900.0,8500.0,7900.0,8200.0,1501105,VND
2021-04-01,8200.0,8400.0,8200.0,8400.0,602487,VND
2021-04-02,8400.0,8600.0,8200.0,8500.0,665980,VND
2021-04-05,8700.0,9300.0,8400.0,9300.0,3928110,VND
2021-04-06,9300.0,9700.0,9000.0,9000.0,842787,VND
2021-04-07,9000.0,9300.0,8800.0,9200.0,1213680,VND
2021-04-08,9300.0,9300.0,8800.0,8800.0,1406629,VND
2021-04-09,8800.0,9000.0,8600.0,9000.0,1080240,VND
2021-04-12,9000.0,9300.0,9000.0,9200.0,1952764,VND
2021-04-13,9200.0,9500.0,8900.0,9200.0,2028136,VND
2021-04-14,9100.0,9200.0,8900.0,9100.0,877670,VND
2021-04-15,9100.0,9300.0,8900.0,8900.0,1038011,VND
2021-04-16,8900.0,8900.0,8200.0,8500.0,1900153,VND
2021-04-19,8500.0,8700.0,8200.0,8400.0,865440,VND
2021-04-20,8500.0,8500.0,8100.0,8300.0,824800,VND
2021-04-22,8200.0,8200.0,7600.0,7600.0,987494,VND
2021-04-23,7600.0,8000.0,7400.0,7900.0,835001,VND
2021-04-26,7900.0,7900.0,7400.0,7400.0,628357,VND
2021-04-27,7300.0,7500.0,7200.0,7300.0,509530,VND
2021-04-28,7300.0,7600.0,7200.0,7500.0,342900,VND
2021-04-29,7500.0,7600.0,7400.0,7500.0,139911,VND
2021-05-04,7300.0,7400.0,7000.0,7100.0,721000,VND
2021-05-05,7200.0,7700.0,7100.0,7500.0,681008,VND
2021-05-06,7500.0,7800.0,7500.0,7600.0,393434,VND
2021-05-07,7600.0,7600.0,7200.0,7400.0,527600,VND
2021-05-10,7200.0,7300.0,7000.0,7200.0,694040,VND
2021-05-11,7200.0,7300.0,7100.0,7100.0,277610,VND
2021-05-12,7100.0,7200.0,7100.0,7200.0,328200,VND
2021-05-13,7200.0,7300.0,7100.0,7100.0,267630,VND
2021-05-14,7100.0,7200.0,7000.0,7200.0,268617,VND
2021-05-17,7100.0,7100.0,6800.0,7000.0,862999,VND
2021-05-18,7000.0,7000.0,6600.0,6600.0,615705,VND
2021-05-19,6600.0,6900.0,6600.0,6700.0,348163,VND
2021-05-20,6700.0,6700.0,6300.0,6400.0,611138,VND
2021-05-21,6200.0,7000.0,6200.0,6800.0,680886,VND
2021-05-24,6800.0,6900.0,6600.0,6800.0,356104,VND
2021-05-25,6800.0,6900.0,6600.0,6700.0,340400,VND
2021-05-26,6700.0,6800.0,6500.0,6500.0,320220,VND
2021-05-27,6500.0,6700.0,6500.0,6600.0,388000,VND
2021-05-28,6600.0,6600.0,6400.0,6500.0,507200,VND
2021-05-31,6400.0,6400.0,6200.0,6300.0,432841,VND
2021-06-01,6200.0,6600.0,6100.0,6500.0,769230,VND
2021-06-02,6500.0,7100.0,6500.0,7100.0,781446,VND
2021-06-03,7100.0,7300.0,7000.0,7100.0,637580,VND
2021-06-04,7200.0,7300.0,7000.0,7100.0,422751,VND
2021-06-07,7100.0,7200.0,6700.0,6900.0,601240,VND
2021-06-08,7000.0,7300.0,6900.0,6900.0,595158,VND
2021-06-09,6900.0,7000.0,6700.0,7000.0,378100,VND
2021-06-10,7000.0,7000.0,6800.0,7000.0,195000,VND
2021-06-11,7000.0,7100.0,6800.0,6900.0,400029,VND
2021-06-14,6900.0,7000.0,6800.0,6900.0,287300,VND
2021-06-15,6900.0,7000.0,6800.0,6800.0,251141,VND
2021-06-16,6800.0,7000.0,6700.0,6800.0,270105,VND
2021-06-17,6800.0,7200.0,6800.0,7000.0,488000,VND
2021-06-18,7100.0,7100.0,6900.0,7000.0,441240,VND
2021-06-21,7000.0,7100.0,6900.0,7000.0,313497,VND
2021-06-22,7100.0,7100.0,6900.0,7000.0,304300,VND
2021-06-23,6900.0,7000.0,6800.0,6900.0,379880,VND
2021-06-24,6900.0,6900.0,6600.0,6700.0,516900,VND
2021-06-25,6700.0,6800.0,6600.0,6700.0,360710,VND
2021-06-28,7000.0,7000.0,6600.0,6800.0,245800,VND
2021-06-29,6800.0,6800.0,6500.0,6500.0,426200,VND
2021-06-30,6500.0,6700.0,6500.0,6600.0,290510,VND
2021-07-01,6600.0,6700.0,6500.0,6600.0,356910,VND
2021-07-02,6600.0,6700.0,6500.0,6600.0,217000,VND
2021-07-05,6600.0,6600.0,6400.0,6600.0,277313,VND
2021-07-06,6500.0,6500.0,6400.0,6400.0,350293,VND
2021-07-07,6400.0,7000.0,6300.0,7000.0,1732502,VND
2021-07-08,7000.0,7400.0,7000.0,7200.0,971010,VND
2021-07-09,7300.0,7400.0,7000.0,7200.0,1311933,VND
2021-07-12,7300.0,7400.0,6600.0,6900.0,1085500,VND
2021-07-13,6800.0,6900.0,6700.0,6800.0,894300,VND
2021-07-14,6800.0,7000.0,6700.0,6900.0,641426,VND
2021-07-15,6900.0,7500.0,6900.0,7500.0,1572890,VND
2021-07-16,7600.0,7900.0,7400.0,7400.0,1087820,VND
2021-07-19,7400.0,8000.0,7100.0,7700.0,2034880,VND
2021-07-20,7700.0,7900.0,7500.0,7800.0,866872,VND
2021-07-21,7900.0,7900.0,7700.0,7800.0,527004,VND
2021-07-22,7800.0,7900.0,7500.0,7700.0,706500,VND
2021-07-23,7700.0,7700.0,7000.0,7000.0,1897111,VND
2021-07-26,7400.0,7400.0,6700.0,7000.0,1271914,VND
2021-07-27,7000.0,7100.0,6900.0,6900.0,412500,VND
2021-07-28,6900.0,6900.0,6600.0,6700.0,782610,VND
2021-07-29,6700.0,6900.0,6700.0,6800.0,257400,VND
2021-07-30,6800.0,6900.0,6600.0,6800.0,785700,VND
2021-08-02,6800.0,6900.0,6700.0,6800.0,353830,VND
2021-08-03,6800.0,6900.0,6700.0,6800.0,306702,VND
2021-08-04,6800.0,7000.0,6800.0,6900.0,646600,VND
2021-08-05,6900.0,7300.0,6900.0,7200.0,1042300,VND
2021-08-06,7300.0,7300.0,7000.0,7000.0,362400,VND
2021-08-09,6700.0,7000.0,6700.0,7000.0,337700,VND
2021-08-10,7000.0,7200.0,6900.0,7100.0,551030,VND
2021-08-11,7100.0,7800.0,7100.0,7500.0,2957750,VND
2021-08-12,7500.0,8100.0,7500.0,8100.0,2315225,VND
2021-08-13,8200.0,8200.0,7500.0,7800.0,1164996,VND
2021-08-16,7800.0,8400.0,7800.0,8300.0,1999780,VND
2021-08-17,8400.0,8400.0,8000.0,8100.0,1141312,VND
2021-08-18,8100.0,8300.0,8000.0,8000.0,958708,VND
2021-08-19,8000.0,8100.0,7800.0,8000.0,592200,VND
2021-08-20,8000.0,8200.0,7500.0,7600.0,1876110,VND
2021-08-23,7600.0,7800.0,7400.0,7500.0,1118040,VND
2021-08-24,7400.0,7700.0,7400.0,7600.0,603100,VND
2021-08-25,7600.0,7600.0,7400.0,7500.0,447800,VND
2021-08-26,7500.0,7800.0,7500.0,7600.0,601523,VND
2021-08-27,7600.0,8200.0,7600.0,8100.0,1461900,VND
2021-08-30,8000.0,8900.0,8000.0,8900.0,3795870,VND
2021-08-31,9100.0,9300.0,8700.0,8700.0,1851500,VND
2021-09-01,8700.0,9200.0,8700.0,9100.0,2469300,VND
2021-09-06,9100.0,9800.0,8700.0,9700.0,2594238,VND
2021-09-07,9700.0,9700.0,8800.0,8900.0,2422544,VND
2021-09-08,8900.0,9200.0,8700.0,9000.0,1423800,VND
2021-09-09,9000.0,9300.0,8800.0,9100.0,698835,VND
2021-09-10,9100.0,9200.0,8900.0,9100.0,892000,VND
2021-09-13,9200.0,10000.0,9100.0,10000.0,3824749,VND
2021-09-14,10500.0,10600.0,10000.0,10200.0,2033831,VND
2021-09-15,10200.0,10800.0,9800.0,10600.0,1648177,VND
2021-09-16,10600.0,10600.0,10200.0,10300.0,1806300,VND
2021-09-17,10200.0,10600.0,10200.0,10400.0,1473950,VND
2021-09-20,10400.0,11400.0,10400.0,10800.0,2559374,VND
2021-09-21,10600.0,11500.0,10000.0,11300.0,2152030,VND
2021-09-22,11000.0,11900.0,11000.0,11600.0,1496843,VND
2021-09-23,11600.0,11700.0,10600.0,10700.0,2887244,VND
2021-09-24,10700.0,10900.0,10300.0,10400.0,1300780,VND
2021-09-27,10000.0,10700.0,9900.0,10000.0,1480831,VND
2021-09-28,10000.0,10400.0,9600.0,10300.0,1030422,VND
2021-09-29,10400.0,10600.0,10100.0,10500.0,1039358,VND
2021-09-30,10500.0,10800.0,10500.0,10600.0,713617,VND
2021-10-01,10500.0,10500.0,10300.0,10300.0,754938,VND
